,,,,,,,,,,,,,,,,,,,,,,,,,,,,
,,,,,,,,,,,1,,,2,,,3,,,4,,,5,,,6,,
,,,,,,BASE COST,,100%,SUBMISSION,, ANTARA ,,, TECHNOLGENT ,,, CHAN WAI ,,, BOND ,,, SGME ,,, DAGANG JATI ,,
ITEM,DESCRIPTION,,QTY, Rate , Total Amount , Rate , Total Amount ,, Rate , Total Amount , RATE  , AMOUNT  , REMARK , RATE  , AMOUNT  , REMARK , RATE  , AMOUNT  , REMARK , RATE  , AMOUNT  , REMARK , RATE  , AMOUNT  , REMARK , RATE  , AMOUNT  , REMARK 
,,,,  ,  ,  ,  ,,,,,,,,,,,,,,,,,,,,,
01.00.00,,GENERAL CONDITIONS AND PRELIMINARIES,,  ,  ,  ,  ,,,,,,,,,,,,,,,,,,,,,
,,,,  ,  ,  ,  ,,,,,,,,,,,,,,,,,,,,,
01.01.00,,"Compliance to the conditions of contract, main contract document, tender specification etc.",1," 14,100.00 "," 14,100.00 "," 14,100.00 "," 14,100.00 ",,,," 20,000.00 "," 20,000.00 ",," 10,000.00 "," 10,000.00 ",," 1,000.00 "," 1,000.00 ",," 81,056.00 "," 81,056.00 ",,,,,,,
,,,,  ,  ,  ,  ,,,,,,,,,,,,,,,,,,,,,
01.02.00,,"Submission to all authorities, obtaining approval from the authorities for the drawings, installations and compliance with all authorities requirements.",1," 11,280.00 "," 11,280.00 "," 11,280.00 "," 11,280.00 ",,,," 16,000.00 "," 16,000.00 ",," 10,000.00 "," 10,000.00 ",," 12,000.00 "," 12,000.00 ",," 31,625.00 "," 31,625.00 ",,,,,,,
,,,,  ,  ,  ,  ,,,,,,,,,,,,,,,,,,,,,
01.03.00,,"Arrangements for all authority's inspections and testing, issuance of clearance letters, certificates and licenses.",1," 14,100.00 "," 14,100.00 "," 14,100.00 "," 14,100.00 ",,,," 20,000.00 "," 20,000.00 ",," 10,000.00 "," 10,000.00 ",," 10,000.00 "," 10,000.00 ",," 44,275.00 "," 44,275.00 ",,,,,,,
,,,,  ,  ,  ,  ,,,,,,,,,,,,,,,,,,,,,
01.04.00,,Submission of shop drawings to consultant's approval and material sample board before commencement of work at site.,1," 23,500.00 "," 23,500.00 "," 23,500.00 "," 23,500.00 ",,,," 35,000.00 "," 35,000.00 ",," 10,000.00 "," 10,000.00 ",," 8,000.00 "," 8,000.00 ",," 6,325.00 "," 6,325.00 ",,,,,,,
,,,,  ,  ,  ,  ,,,,,,,,,,,,,,,,,,,,,
01.05.00,,"For compliance with the requirement for as-built drawings/data, Operational and Maintenance Instruction and Manual, 5 sets of hard cover bound documents of operation manuals, parts catalogues, testing results and as built drawing and two softcopy in CD/USB drive form.",1," 14,100.00 "," 14,100.00 "," 14,100.00 "," 14,100.00 ",,,," 20,000.00 "," 20,000.00 ",," 10,000.00 "," 10,000.00 ",," 6,000.00 "," 6,000.00 ",," 31,625.00 "," 31,625.00 ",,,,,,,
,,,,  ,  ,  ,  ,,,,,,,,,,,,,,,,,,,,,
01.06.00,,"Performance Bond, Workmen compensation insurance or SOCSO.",1," 47,000.00 "," 47,000.00 "," 47,000.00 "," 47,000.00 ",,,," 70,000.00 "," 70,000.00 ",," 30,000.00 "," 30,000.00 ",," 27,000.00 "," 27,000.00 ",," 115,115.00 "," 115,115.00 ",,,,,,,
,,,,  ,  ,  ,  ,,,,,,,,,,,,,,,,,,,,,
01.07.00,,Full time Site Manager for the duration of the project and liaison/coordination with other subcontractors.,1," 56,400.00 "," 56,400.00 "," 56,400.00 "," 56,400.00 ",,,," 84,000.00 "," 84,000.00 ",," 90,000.00 "," 90,000.00 ",," 120,000.00 "," 120,000.00 ",," 182,160.00 "," 182,160.00 ",,,,,,,
,,,,  ,  ,  ,  ,,,,,,,,,,,,,,,,,,,,,
01.08.00,,Testing and commissioning for electrical system  c/w report and calculations comply to TNB and ST's requirements. (3 sets),1," 14,100.00 "," 14,100.00 "," 14,100.00 "," 14,100.00 ",,,," 45,000.00 "," 45,000.00 ",," 10,000.00 "," 10,000.00 ",," 12,000.00 "," 12,000.00 ",," 18,975.00 "," 18,975.00 ",,,,,,,
,,,,  ,  ,  ,  ,,,,,,,,,,,,,,,,,,,,,
01.09.00,,"Complete labelling, painting and finishing works to architect's/consultant's requirements.",1," 9,400.00 "," 9,400.00 "," 9,400.00 "," 9,400.00 ",,,," 14,000.00 "," 14,000.00 ",," 10,000.00 "," 10,000.00 ",," 5,000.00 "," 5,000.00 ",," 31,625.00 "," 31,625.00 ",,,,,,,
,,,,  ,  ,  ,  ,,,,,,,,,,,,,,,,,,,,,
01.10.00,,To carry out Service and Maintaining of all equipment and  system for 24 months Defects and Liability Period (DLP) after obtaining CPC from the SO. Scope of works and frequency as per specification.,,  ,  ,  ,  ,,,,,,,,,,,,,,,,,,,,,
01.10.01,,Cost for First Year,1," 22,560.00 "," 22,560.00 "," 22,560.00 "," 22,560.00 ",,,," 35,000.00 "," 35,000.00 ",," 72,000.00 "," 72,000.00 ",," 36,000.00 "," 36,000.00 ",," 10,753.00 "," 10,753.00 ",,,,,,,
01.10.02,,Cost for Second Year,1," 11,280.00 "," 11,280.00 "," 11,280.00 "," 11,280.00 ",,,," 16,000.00 "," 16,000.00 ",," 108,000.00 "," 108,000.00 ",," 48,000.00 "," 48,000.00 ",," 10,753.00 "," 10,753.00 ",,,,,,,
,,,,  ,  ,  ,  ,,,,,,,,,,,,,,,,,,,,,
01.11.00,,Scissor lifts or scaffolding to perform the physical installation works due to high ceiling space.,1," 213,153.00 "," 213,153.00 "," 213,153.00 "," 213,153.00 ",,,," 600,000.00 "," 600,000.00 ",," 30,000.00 "," 30,000.00 ",," 315,000.00 "," 315,000.00 ",," 242,880.00 "," 242,880.00 ",,,,,,,
,,,,  ,  ,  ,  ,,,,,,,,,,,,,,,,,,,,,
01.12.00,,Temporary ply wood to protect the finished floor or cost to repair the concrete floor finish due to scratches or chipping caused by subcontractor machineries.,1," 14,100.00 "," 14,100.00 "," 14,100.00 "," 14,100.00 ",,,," 20,000.00 "," 20,000.00 ",," 20,000.00 "," 20,000.00 ",," 20,000.00 "," 20,000.00 ",," 31,625.00 "," 31,625.00 ",,,,,,,
,,,,  ,  ,  ,  ,,,,,,,,,,,,,,,,,,,,,
01.13.00,,Site clearing and cleanliness of site.,1," 14,100.00 "," 14,100.00 "," 14,100.00 "," 14,100.00 ",,,," 20,000.00 "," 20,000.00 ",," 20,000.00 "," 20,000.00 ",," 12,000.00 "," 12,000.00 ",," 12,650.00 "," 12,650.00 ",,,,,,,
,,,,  ,  ,  ,  ,,,,,,,,,,,,,,,,,,,,,
 01.14.00 ,,Arrangement of worker COVID-19 test.,1," 14,100.00 "," 14,100.00 "," 14,100.00 "," 14,100.00 ",,,,, N/A ,," 10,000.00 "," 10,000.00 ",," 1,000.00 "," 1,000.00 ",," 18,975.00 "," 18,975.00 ",,,,,,,
,,,,  ,  ,  ,  ,,,,,,,,,,,,,,,,,,,,,
,,,,  ,  ,  ,  ,,,,,,,,,,,,,,,,,,,,,
,,TOTAL FOR PRELIMINARIES (RM),,," 493,273.00 ",," 493,273.00 ",,, -   ,," 1,015,000.00 ",,," 450,000.00 ",,," 633,000.00 ",,," 870,417.00 ",,, -   ,,, -   ,
,,,,  ,  ,  ,  ,,,,,,,,,,,,,,,,,,,,,
02.00.00,,"33KV HT SYSTEM

To supply and deliver 33kV 630A VCB panel double busbar type c/w motorised circuit breaker assembly, CASTEL KEY, protection & measuring current transformer, voltage transformer, earthing switches, indication light, power meter, ammeter, local control ON/OFF & necessary accessories required for operation (as per drawing & specification).",,  ,  ,  ,  ,,,,,,,,,,,,,,,,,,,,,
,,,,  ,  ,  ,  ,,,,,,,,,,,,,,,,,,,,,
02.01.00,,33kV Consumer Switchgear Panel 1 Landlord 33kV as  per drawing & specification located in Consumer Room,,  ,  ,  ,  ,,,,,,,,,,,,,,,,,,,,,
02.01.01,,Incoming Feeder,1," 294,000.00 "," 294,000.00 "," 294,000.00 "," 294,000.00 ",,,," 262,944.00 "," 262,944.00 ",," 332,750.00 "," 332,750.00 ",," 263,000.00 "," 263,000.00 ",," 224,250.00 "," 224,250.00 ",,,,,,,
02.01.02,,Outgoing Feeder,1," 220,500.00 "," 220,500.00 "," 220,500.00 "," 220,500.00 ",,,," 195,371.00 "," 195,371.00 ",," 252,250.00 "," 252,250.00 ",," 197,000.00 "," 197,000.00 ",," 179,400.00 "," 179,400.00 ",,,,,,,
,,,,  ,  ,  ,  ,,,,,,,,,,,,,,,,,,,,,
02.02.00,,33kV Consumer Switchgear Panel 2 Tenant 33kV  as  per drawing & specification  located in Consumer Room,,  ,  ,  ,  ,,,,,,,,,,,,,,,,,,,,,
02.02.01,,Incoming Feeder,1," 341,250.00 "," 341,250.00 "," 341,250.00 "," 341,250.00 ",,,," 311,498.00 "," 311,498.00 ",," 378,750.00 "," 378,750.00 ",," 313,000.00 "," 313,000.00 ",," 224,250.00 "," 224,250.00 ",,,,,,,
02.02.02,,Outgoing Feeder ,1," 225,750.00 "," 225,750.00 "," 225,750.00 "," 225,750.00 ",,,," 204,105.00 "," 204,105.00 ",," 252,250.00 "," 252,250.00 ",," 206,000.00 "," 206,000.00 ",," 179,400.00 "," 179,400.00 ",,,,,,,
,,,,  ,  ,  ,  ,,,,,,,,,,,,,,,,,,,,,
02.03.00,,33kV Consumer Switchgear Panel 3 Landlord 33kV  as  per drawing & specification  located under ramp,,  ,  ,  ,  ,,,,,,,,,,,,,,,,,,,,,
02.03.01,,Incoming Feeder,1," 267,750.00 "," 267,750.00 "," 267,750.00 "," 267,750.00 ",,,," 243,342.00 "," 243,342.00 ",," 298,250.00 "," 298,250.00 ",," 267,542.00 "," 267,542.00 ",," 212,750.00 "," 212,750.00 ",,,,,,,
02.03.02,,Outgoing Feeder (Include spare),7," 288,750.00 "," 2,021,250.00 "," 288,750.00 "," 2,021,250.00 ",,,," 262,163.00 "," 1,835,141.00 ",," 321,250.00 "," 2,248,750.00 ",," 262,163.00 "," 1,835,141.00 ",," 173,650.00 "," 1,215,550.00 ",,,,,,,
,,,,  ,  ,  ,  ,,,,,,,,,,,,,,,,,,,,,
02.04.00,,33kV Consumer Switchgear Panel 4 Tenant 33kV  as  per drawing & specification located under ramp,,  ,  ,  ,  ,,,,,,,,,,,,,,,,,,,,,
02.04.01,,Incoming Feeder,1," 273,000.00 "," 273,000.00 "," 273,000.00 "," 273,000.00 ",,,," 248,358.00 "," 248,358.00 ",," 304,000.00 "," 304,000.00 ",," 273,194.00 "," 273,194.00 ",," 212,750.00 "," 212,750.00 ",,,,,,,
02.04.02,,Outgoing Feeder,1," 288,750.00 "," 288,750.00 "," 288,750.00 "," 288,750.00 ",,,," 262,163.00 "," 262,163.00 ",," 321,250.00 "," 321,250.00 ",," 262,163.00 "," 262,163.00 ",," 167,900.00 "," 167,900.00 ",,,,,,,
,,,,  ,  ,  ,  ,,,,,,,,,,,,,,,,,,,,,
02.05.00,,Factory Witness & Acceptance testing for min. 5 personnel for all necessary equipment. (in Malaysia),1," 25,000.00 "," 25,000.00 "," 25,000.00 "," 25,000.00 ",,,," 10,000.00 "," 10,000.00 ",," 10,000.00 "," 10,000.00 ",," 3,000.00 "," 3,000.00 ",," 37,375.00 "," 37,375.00 ",,,,,,,
,,,,  ,  ,  ,  ,,,,,,,,,,,,,,,,,,,,,
03.00.00,,"HT CABLING

To supply and deliver submain cabling inclusive of earth continuity conductors as per specification and drawings.",,  ,  ,  ,  ,,,,,,,,,,,,,,,,,,,,,
,,,,  ,  ,  ,  ,,,,,,,,,,,,,,,,,,,,,
03.01.00,,From TNB SSU to,,  ,  ,  ,  ,,,,,,,,,,,,,,,,,,,,,
,,,,  ,  ,  ,  ,,,,,,,,,,,,,,,,,,,,,
03.01.01,,1x3C 300mm XLPE/SWA/PVC 33kV AL Cable (TNB Spec) to Switchgear Panel 1                         Approximate length: 50m,50,  ,  , 230.00 ," 11,500.00 ",,,, 263.00 ," 13,150.00 ",,," 35,087.50 ",, 270.00 ," 13,500.00 ",, 467.00 ," 23,350.00 ",,,,,,,
,,,,  ,  ,  ,  ,,,,,,,,,,,,,,,,,,,,,
03.01.02,,"1x3C 300mm XLPE/SWA/PVC 33kV AL Cable (TNB Spec) to Switchgear Panel 2     
Approximate length: 50m",50, 229.30 ," 11,464.93 ", 230.00 ," 11,500.00 ",,,, 263.00 ," 13,150.00 ",,," 35,087.50 ",, 270.00 ," 13,500.00 ",, 467.00 ," 23,350.00 ",,,,,,,
,,,,  ,  ,  ,  ,,,,,,,,,,,,,,,,,,,,,
03.02.00,,From Switchgear Panel 1 to,,  ,  ,  ,  ,,,,,,,,,,,,,,,,,,,,,
,,,,  ,  ,  ,  ,,,,,,,,,,,,,,,,,,,,,
03.02.01,,"1x3C 300mm XLPE/SWA/PVC 33kV AL Cable to Switchgear Panel 3                        
Approximate length: 200m",200, 229.30 ," 45,859.70 ", 230.00 ," 46,000.00 ",,,, 263.00 ," 52,600.00 ",,," 95,350.00 ",, 270.00 ," 54,000.00 ",, 467.00 ," 93,400.00 ",,,,,,,
,,,,  ,  ,  ,  ,,,,,,,,,,,,,,,,,,,,,
03.02.00,,From Switchgear Panel 2 to,,  ,  ,  ,  ,,,,,,,,,,,,,,,,,,,,,
,,,,  ,  ,  ,  ,,,,,,,,,,,,,,,,,,,,,
03.02.01,,"1x3C 300mm XLPE/SWA/PVC 33kV AL Cable to Switchgear Panel 4                        
Approximate length: 200m",200, 229.30 ," 45,859.70 ", 230.00 ," 46,000.00 ",,,, 263.00 ," 52,600.00 ",,," 95,350.00 ",, 270.00 ," 54,000.00 ",, 467.00 ," 93,400.00 ",,,,,,,
,,,,  ,  ,  ,  ,,,,,,,,,,,,,,,,,,,,,
03.02.00,,From Switchgear Panel 3 to,,  ,  ,  ,  ,,,,,,,,,,,,,,,,,,,,,
,,,,  ,  ,  ,  ,,,,,,,,,,,,,,,,,,,,,
03.02.01,,"1x3C 300mm XLPE/SWA/PVC 33kV AL Cable to TX-1                              
Approximate length: 20m",20, 229.30 ," 4,585.97 ", 230.00 ," 4,600.00 ",,,, 263.00 ," 5,260.00 ",,," 23,035.00 ",, 270.00 ," 5,400.00 ",, 467.00 ," 9,340.00 ",,,,,,,
,,,,  ,  ,  ,  ,,,,,,,,,,,,,,,,,,,,,
03.02.02,,"1x3C 300mm XLPE/SWA/PVC 33kV AL Cable to TX-2                        
Approximate length: 20m",20, 229.30 ," 4,585.97 ", 230.00 ," 4,600.00 ",,,, 263.00 ," 5,260.00 ",,," 23,035.00 ",, 270.00 ," 5,400.00 ",, 467.00 ," 9,340.00 ",,,,,,,
,,,,  ,  ,  ,  ,,,,,,,,,,,,,,,,,,,,,
03.02.01,,"1x3C 300mm XLPE/SWA/PVC 33kV AL Cable to TX-3                            
Approximate length: 20m",20, 229.30 ," 4,585.97 ", 230.00 ," 4,600.00 ",,,, 263.00 ," 5,260.00 ",,," 23,035.00 ",, 270.00 ," 5,400.00 ",, 467.00 ," 9,340.00 ",,,,,,,
,,,,  ,  ,  ,  ,,,,,,,,,,,,,,,,,,,,,
03.02.02,,"1x3C 300mm XLPE/SWA/PVC 33kV AL Cable to TX-4                       
Approximate length: 20m",20, 229.30 ," 4,585.97 ", 230.00 ," 4,600.00 ",,,, 263.00 ," 5,260.00 ",,," 23,035.00 ",, 270.00 ," 5,400.00 ",, 467.00 ," 9,340.00 ",,,,,,,
,,,,  ,  ,  ,  ,,,,,,,,,,,,,,,,,,,,,
03.02.01,,"1x3C 300mm XLPE/SWA/PVC 33kV AL Cable to TX-5                             
Approximate length: 20m",20, 229.30 ," 4,585.97 ", 230.00 ," 4,600.00 ",,,, 263.00 ," 5,260.00 ",,," 23,035.00 ",, 270.00 ," 5,400.00 ",, 467.00 ," 9,340.00 ",,,,,,,
,,,,  ,  ,  ,  ,,,,,,,,,,,,,,,,,,,,,
03.03.00,,From Switchgear Panel 4 to,,  ,  ,  ,  ,,,,,,,,,,,,,,,,,,,,,
,,,,  ,  ,  ,  ,,,,,,,,,,,,,,,,,,,,,
03.03.01,,"1x3C 300mm XLPE/SWA/PVC 33kV AL Cable to TX-6              
Approximate length: 20m",20, 229.30 ," 4,585.97 ", 230.00 ," 4,600.00 ",,,, 263.00 ," 5,260.00 ",,," 23,035.00 ",, 270.00 ," 5,400.00 ",, 467.00 ," 9,340.00 ",,,,,,,
,,,,  ,  ,  ,  ,,,,,,,,,,,,,,,,,,,,,
04.00.00,,33KV DISTRIBUTION TRANSFORMER,,  ,  ,  ,  ,,,,,,,,,,,,,,,,,,,,,
,,,,  ,  ,  ,  ,,,,,,,,,,,,,,,,,,,,,
04.01.00,,"To supply & deliver  33/0.433KV Cast Resin ANAF  (copper winding) transformer as per drawing & specification.

Price shall deem to be included all the necessary logistic movement and machinery for the erection of power transformer such as crane rental, additional steel plate to reinforce existing ground/road where required highway authority permit, local road authority permit and etc. to complete.",,  ,  ,  ,  ,,,,,,,,,,,,,,,,,,,,,
04.01.01,,3500  KVA,2," 472,500.00 "," 945,000.00 "," 472,500.00 "," 945,000.00 ",,,," 396,000.00 "," 792,000.00 ",," 537,500.00 "," 1,075,000.00 ",,,,," 523,250.00 "," 1,046,500.00 ",,,,,,,
04.01.01,,2500  KVA,2," 351,750.00 "," 703,500.00 "," 351,750.00 "," 703,500.00 ",,,," 352,000.00 "," 704,000.00 ",," 405,250.00 "," 810,500.00 ",," 465,000.00 "," 930,000.00 ",," 378,350.00 "," 756,700.00 ",,,,,,,
04.01.02,,2000  KVA,2," 325,500.00 "," 651,000.00 "," 325,500.00 "," 651,000.00 ",,,," 291,500.00 "," 583,000.00 ",," 376,500.00 "," 753,000.00 ",," 350,000.00 "," 700,000.00 ",," 319,700.00 "," 639,400.00 ",,,,,,,
04.01.03,,1000  KVA,0,  ,  ,  ,  ,,,,, -   ,," 227,000.00 ", -   ,," 325,000.00 "," 650,000.00 ",,,,,,,,,,
,,,,  ,  ,  ,  ,,,,,,,,,, -   , -   ,,,,,,,,,,
04.02.00,,Factory Witness & Acceptance testing for min. 5 personnel for all necessary equipment. (in Malaysia),1," 25,000.00 "," 25,000.00 "," 25,000.00 "," 25,000.00 ",,,," 30,000.00 "," 30,000.00 ",," 10,000.00 "," 10,000.00 ",,,,," 6,900.00 "," 34,500.00 ",,,,,,,
,,,,  ,  ,  ,  ,,,,,,,,,," 10,000.00 "," 10,000.00 ",,,,,,,,,,
05.00.00,,TO SUPPLY AND DELIVER BUSDUCT/CABLE CONNECTION FROM TX TO MSB C/W NECESSARY ACCESSORIES FOR COMPLETION OF SYSTEM :-,,  ,  ,  ,  ,,,,,,,,,,,,,,,,,,,,,
,,,,  ,  ,  ,  ,,,,,,,,,,,,,,,,,,,,,
05.01.00,,"3500A 4P TPN Aluminium Bus Duct (IP55) from TX1 to EMSB-ASRS           
Approx length: ",90," 1,908.00 "," 171,720.00 "," 1,908.00 "," 171,720.00 ",,,," 1,935.93 "," 174,234.00 ",," 2,562.00 "," 230,580.00 ",,,,," 2,088.00 "," 187,920.00 ",,,,,,,
,,,,  ,  ,  ,  ,,,,,,,,,," 1,697.00 "," 152,730.00 ",,,,,,,,,,
05.02.00,,"3500A 4P TPN Aluminium Bus Duct (IP55) from TX2 to EMSB-ASRS           
Approx length: ",90," 1,908.00 "," 171,720.00 "," 1,908.00 "," 171,720.00 ",,,," 1,935.93 "," 174,234.00 ",," 2,562.00 "," 230,580.00 ",,,,," 2,088.00 "," 187,920.00 ",,,,,,,
,,,,  ,  ,  ,  ,,,,,,,,,," 1,697.00 "," 152,730.00 ",,,,,,,,,,
05.03.00,,"5000A 4P TPN Aluminium Bus Duct (IP55) from TX3 to EMSB-COLDROOM            
Approx length: ",160," 2,639.00 "," 422,240.00 "," 2,639.00 "," 422,240.00 ",,,," 2,939.55 "," 470,328.00 ",," 3,632.00 "," 581,120.00 ",,,,," 2,640.00 "," 422,400.00 ",,,,,,,
,,,,  ,  ,  ,  ,,,,,,,,,," 2,713.00 "," 434,080.00 ",,,,,,,,,,
05.04.00,,"5000A 4P TPN Aluminium Bus Duct (IP55) from TX4 to EMSB-COLDROOM            
Approx length: ",160," 2,639.00 "," 422,240.00 "," 2,639.00 "," 422,240.00 ",,,," 2,939.55 "," 470,328.00 ",," 3,632.00 "," 581,120.00 ",,,,," 2,640.00 "," 422,400.00 ",,,,,,,
,,,,  ,  ,  ,  ,,,,,,,,,," 2,713.00 "," 434,080.00 ",,,,,,,,,,
05.05.00,,"3000A 4P TPN Aluminium Bus Duct (IP55) from TX5 to MSB-LANDLORD             
Approx length: m",90," 1,504.00 "," 135,360.00 "," 1,504.00 "," 135,360.00 ",,,," 1,642.49 "," 147,824.00 ",," 2,182.50 "," 196,425.00 ",,,,," 1,502.00 "," 135,180.00 ",,,,,,,
,,,,  ,  ,  ,  ,,,,,,,,,," 1,456.00 "," 131,040.00 ",,,,,,,,,,
05.06.00,,"3000A 4P TPN Aluminium Bus Duct (IP55) from TX6 to MSB-TENANT
Approx length: m",90," 1,504.00 "," 135,360.00 "," 1,504.00 "," 135,360.00 ",,,," 1,642.49 "," 147,824.00 ",," 2,182.50 "," 196,425.00 ",,,,," 1,502.00 "," 135,180.00 ",,,,,,,
,,,,  ,  ,  ,  ,,,,,,,,,," 1,456.00 "," 131,040.00 ",,,,,,,,,,
06.00.00,,To supply and install the following c/w necessary accessories,,  ,  ,  ,  ,,,,,,,,,,,,,,,,,,,,,
06.01.00,,Remote control panel,1," 20,000.00 "," 20,000.00 "," 20,000.00 "," 20,000.00 ",,,," 80,000.00 "," 80,000.00 ",," 22,800.00 "," 22,800.00 ",,,,," 19,550.00 "," 19,550.00 ",,,,,,,
06.02.00,,Control Cabling,1," 15,000.00 "," 15,000.00 "," 15,000.00 "," 15,000.00 ",,,," 60,000.00 "," 60,000.00 ",," 25,200.00 "," 25,200.00 ",," 22,000.00 "," 22,000.00 ",, 76.00 ," 23,940.00 ",,,,,,,
,,,,  ,  ,  ,  ,,,,,,,,,," 8,800.00 "," 8,800.00 ",,,,,,,,,,
07.00.00,,"ANY OTHER MATERIAL NOT INCLUDED ABOVE BUT NECESSARY TO COMPLETE THE ABOVE SYSTEM AND FOR THE EFFICIENT AND FUNCTIONING OF THE SYSTEM. 
(TO BE DETAILED BY TENDERER)",,  ,  ,  ,  ,,,,,,,,,,,,,,,,,,,,,
,,,,  ,  ,  ,  ,,,,,,," 150,000.00 "," 150,000.00 ",,,,,,,,,,,,,
,,,,  ,  ,  ,  ,,,,,,,,,,,,,,,,,,,,,
,,"Total 02.00.00 - 06.00.00 To Be Carried Forward
To Summary of Tender Prices",,," 7,906,090.15 ",," 7,917,990.00 ",,, -   ,," 7,569,754.00 ",,," 9,660,085.00 ",,," 7,543,940.00 ",,," 6,954,755.00 ",,, -   ,,, -   ,
,,,,  ,  ,  ,  ,,,,,,,,,,,,,,,,,,,,,
07.00.00,,"33KV HT SYSTEM

Supply and install including necessary machineries and accessories to complete the entire system installation for this part of the works (Consumer 33kV Switchboard)",,  ,  ,  ,  ,,,,,,,,,,,,,,,,,,,,,
,,,,  ,  ,  ,  ,,,,,,,,,,,,,,,,,,,,,
07.01.00,,LABOUR for the unloading and installation of 33kV 630A VCB panel (as per drawing & specification).,,  ,  ,  ,  ,,,,,,,,,,,,,,,,,,,,,
,,,,  ,  ,  ,  ,,,,,,,,,,,,,,,,,,,,,
07.01.01,,33kV Consumer Switchgear Panel 1 Landlord 33kV as  per drawing & specification located in Consumer Room,,  ,  ,  ,  ,,,,,,,,,,,,,,,,,,,,,
07.01.01.01,,Incoming Feeder,1," 3,000.00 "," 3,000.00 "," 3,000.00 "," 3,000.00 ",,,," 10,000.00 "," 10,000.00 ",," 6,500.00 "," 6,500.00 ",," 3,000.00 "," 3,000.00 ",," 5,750.00 "," 5,750.00 ",,,,,,,
07.01.01.02,,Outgoing Feeder,1," 3,000.00 "," 3,000.00 "," 3,000.00 "," 3,000.00 ",,,," 10,000.00 "," 10,000.00 ",," 6,500.00 "," 6,500.00 ",," 3,000.00 "," 3,000.00 ",," 5,750.00 "," 5,750.00 ",,,,,,,
,,,,  ,  ,  ,  ,,,,,,,,,,,,,,,,,,,,,
07.01.02,,33kV Consumer Switchgear Panel 2 Tenant 33kV  as  per drawing & specification  located in Consumer Room,,  ,  ,  ,  ,,,,,,,,,,,,,,,,,,,,,
07.01.02.01,,Incoming Feeder,1," 3,000.00 "," 3,000.00 "," 3,000.00 "," 3,000.00 ",,,," 10,000.00 "," 10,000.00 ",," 6,500.00 "," 6,500.00 ",," 3,000.00 "," 3,000.00 ",," 5,750.00 "," 5,750.00 ",,,,,,,
07.01.02.02,,Outgoing Feeder ,1," 3,000.00 "," 3,000.00 "," 3,000.00 "," 3,000.00 ",,,," 10,000.00 "," 10,000.00 ",," 6,500.00 "," 6,500.00 ",," 3,000.00 "," 3,000.00 ",," 5,750.00 "," 5,750.00 ",,,,,,,
,,,,  ,  ,  ,  ,,,,,,,,,,,,,,,,,,,,,
07.01.03,,33kV Consumer Switchgear Panel 3 Landlord 33kV  as  per drawing & specification  located under ramp,,  ,  ,  ,  ,,,,,,,,,,,,,,,,,,,,,
07.01.03.01,,Incoming Feeder,1," 3,000.00 "," 3,000.00 "," 3,000.00 "," 3,000.00 ",,,," 10,000.00 "," 10,000.00 ",," 6,500.00 "," 6,500.00 ",," 3,000.00 "," 3,000.00 ",," 5,750.00 "," 5,750.00 ",,,,,,,
07.01.03.02,,Outgoing Feeder (Include spare),7," 3,000.00 "," 21,000.00 "," 3,000.00 "," 21,000.00 ",,,," 10,000.00 "," 70,000.00 ",," 6,500.00 "," 45,500.00 ",," 3,000.00 "," 21,000.00 ",," 5,750.00 "," 40,250.00 ",,,,,,,
,,,,  ,  ,  ,  ,,,,,,,,,,,,,,,,,,,,,
07.01.04,,33kV Consumer Switchgear Panel 4 Tenant 33kV  as  per drawing & specification located under ramp,,  ,  ,  ,  ,,,,,,,,,,,,,,,,,,,,,
07.01.04.01,,Incoming Feeder,1," 3,000.00 "," 3,000.00 "," 3,000.00 "," 3,000.00 ",,,," 10,000.00 "," 10,000.00 ",," 6,500.00 "," 6,500.00 ",," 3,000.00 "," 3,000.00 ",," 5,750.00 "," 5,750.00 ",,,,,,,
07.01.04.02,,Outgoing Feeder,1," 3,000.00 "," 3,000.00 "," 3,000.00 "," 3,000.00 ",,,," 10,000.00 "," 10,000.00 ",," 6,500.00 "," 6,500.00 ",," 3,000.00 "," 3,000.00 ",," 5,750.00 "," 5,750.00 ",,,,,,,
,,,,  ,  ,  ,  ,,,,,,,,,,,,,,,,,,,,,
07.01.05,,To supply and install  TNB CT metering panel c/w necessary wiring and accessories,2," 5,650.00 "," 11,300.00 "," 5,650.00 "," 11,300.00 ",,,," 3,888.00 "," 7,776.00 ",," 4,500.00 "," 9,000.00 ",," 5,200.00 "," 10,400.00 ",," 8,050.00 "," 16,100.00 ",,,,,,,
,,,,  ,  ,  ,  ,,,,,,,,,,,,,,,,,,,,,
07.01.06,,"To supply and install  battery c/w dual Battery Charger, incoming cabling and outgoing cables as per drawing & specification.",4," 19,845.00 "," 79,380.00 "," 19,845.00 "," 79,380.00 ",,,," 55,200.00 "," 220,800.00 ",," 22,000.00 "," 88,000.00 ",," 12,200.00 "," 48,800.00 ",," 21,275.00 "," 85,100.00 ",,,,,,,
,,,,  ,  ,  ,  ,,,,,,,,,,,,,,,,,,,,,
07.01.07,,Perform pressure testing as per specification.,1," 20,000.00 "," 20,000.00 "," 20,000.00 "," 20,000.00 ",,,," 56,000.00 "," 56,000.00 ",," 126,000.00 "," 126,000.00 ",," 4,200.00 "," 4,200.00 ",," 17,250.00 "," 69,000.00 ",,,,,,,
,,,,  ,  ,  ,  ,,,,,,,,,,,,,,,,,,,,,
07.01.08,,Perform Calibration to OC & EF relays as per TNB requirement and as per drawing and specification,1," 20,000.00 "," 20,000.00 "," 20,000.00 "," 20,000.00 ",,,," 21,000.00 "," 21,000.00 ",," 12,000.00 "," 12,000.00 ",," 7,000.00 "," 7,000.00 ",," 144,900.00 "," 144,900.00 ",,,,,,,
,,,,  ,  ,  ,  ,,,,,,,,,,,,,,,,,,,,,
07.01.09,,Supply and install frame earth system including copper tapes from equipment to earth bar c/w necesssary accessories. (Earth bar by others),1," 20,000.00 "," 20,000.00 "," 20,000.00 "," 20,000.00 ",,,," 35,000.00 "," 35,000.00 ",," 15,000.00 "," 15,000.00 ",," 28,000.00 "," 28,000.00 ",," 34,500.00 "," 34,500.00 ",,,,,,,
,,,,  ,  ,  ,  ,,,,,,,,,,,,,,,,,,,,,
07.01.10,,Supply and install TNB Class 0.2CT Meter c/w Calibrate (CT50/5A and 150/5A) TNB Calibration Fees ,1," 5,000.00 "," 5,000.00 "," 5,000.00 "," 5,000.00 ",,,," 72,000.00 "," 72,000.00 ",," 32,000.00 "," 32,000.00 ",," 8,000.00 "," 8,000.00 ",," 102,350.00 "," 102,350.00 ",,,,,,,
,,,,  ,  ,  ,  ,,,,,,,,,,,,,,,,,,,,,
07.01.11,,"To supply Labelling, signage, rubber mat, drawings, CPR diagram etc.",1," 5,000.00 "," 5,000.00 "," 5,000.00 "," 5,000.00 ",,,," 25,000.00 "," 25,000.00 ",," 3,000.00 "," 3,000.00 ",," 4,800.00 "," 4,800.00 ",," 5,750.00 "," 5,750.00 ",,,,,,,
,,,,  ,  ,  ,  ,,,,,,,,,,,,,,,,,,,,,
07.01.12,,Fill up trench with sand  c/w steel plate/concrete slab,1," 10,000.00 "," 10,000.00 "," 10,000.00 "," 10,000.00 ",,,," 25,000.00 "," 25,000.00 ",," 15,000.00 "," 15,000.00 ",," 12,000.00 "," 12,000.00 ",," 20,700.00 "," 20,700.00 ",,,,,,,
,,,,  ,  ,  ,  ,,,,,,,,,,,,,,,,,,,,,
08.00.00,,"HT CABLING

LABOUR for the unloading and installation, connect, testing and commissioning of submain cabling inclusive of earth continuity conductors/cable glands and termination/ trunking / conduit / cable ladders, cable trays, cable trunking, bracket, support, continuity and other accessories as per specification and drawings.",,  ,  ,  ,  ,,,,,,,,,,,,,,,,,,,,,
,,,,  ,  ,  ,  ,,,,,,,,,,,,,,,,,,,,,
08.01.00,,From TNB SSU to,,  ,  ,  ,  ,,,,,,,,,,,,,,,,,,,,,
,,,,  ,  ,  ,  ,,,,,,,,,,,,,,,,,,,,,
08.01.01,,1x3C 300mm XLPE/SWA/PVC 33kV AL Cable (TNB Spec) to Switchgear Panel 1                         Approximate length: 50m,50,  ,  , 91.00 ," 4,550.00 ",,,, 100.00 ," 5,000.00 ",, 180.00 ," 9,000.00 ",, 135.00 ," 6,750.00 ",, 467.00 ," 23,350.00 ",,,,,,,
,,,,  ,  ,  ,  ,,,,,,,,,,,,,,,,,,,,,
08.01.02,,"1x3C 300mm XLPE/SWA/PVC 33kV AL Cable (TNB Spec) to Switchgear Panel 2     
Approximate length: 50m",50,  ,  , 91.00 ," 4,550.00 ",,,, 100.00 ," 5,000.00 ",, 180.00 ," 9,000.00 ",, 135.00 ," 6,750.00 ",, 467.00 ," 23,350.00 ",,,,,,,
,,,,  ,  ,  ,  ,,,,,,,,,,,,,,,,,,,,,
08.02.00,,From Switchgear Panel 1 to,,  ,  ,  ,  ,,,,,,,,,,,,,,,,,,,,,
,,,,  ,  ,  ,  ,,,,,,,,,,,,,,,,,,,,,
08.02.01,,"1x3C 300mm XLPE/SWA/PVC 33kV AL Cable to Switchgear Panel 3                        
Approximate length: 200m",200,  ,  ,  ,  ,,,, 100.00 ," 20,000.00 ",, 180.00 ," 36,000.00 ",, 135.00 ," 27,000.00 ",, 467.00 ," 93,400.00 ",,,,,,,
,,,,  ,  ,  ,  ,,,,,,,,,,,,,,,,,,,,,
08.02.00,,From Switchgear Panel 2 to,,  ,  ,  ,  ,,,,,,,,,,,,,,,,,,,,,
,,,,  ,  ,  ,  ,,,,,,,,,,,,,,,,,,,,,
08.02.01,,"1x3C 300mm XLPE/SWA/PVC 33kV AL Cable to Switchgear Panel 4                        
Approximate length: 200m",200,  ,  ,  ,  ,,,, 100.00 ," 20,000.00 ",, 180.00 ," 36,000.00 ",, 135.00 ," 27,000.00 ",, 467.00 ," 93,400.00 ",,,,,,,
,,,,  ,  ,  ,  ,,,,,,,,,,,,,,,,,,,,,
08.02.00,,From Switchgear Panel 3 to,,  ,  ,  ,  ,,,,,,,,,,,,,,,,,,,,,
,,,,  ,  ,  ,  ,,,,,,,,,,,,,,,,,,,,,
08.02.01,,"1x3C 300mm XLPE/SWA/PVC 33kV AL Cable to TX-1                              
Approximate length: 20m",20,  ,  ,  ,  ,,,, 100.00 ," 2,000.00 ",, 180.00 ," 3,600.00 ",, 135.00 ," 2,700.00 ",, 467.00 ," 9,340.00 ",,,,,,,
,,,,  ,  ,  ,  ,,,,,,,,,,,,,,,,,,,,,
08.02.02,,"1x3C 300mm XLPE/SWA/PVC 33kV AL Cable to TX-2                        
Approximate length: 20m",20,  ,  ,  ,  ,,,, 100.00 ," 2,000.00 ",, 180.00 ," 3,600.00 ",, 135.00 ," 2,700.00 ",, 467.00 ," 9,340.00 ",,,,,,,
,,,,  ,  ,  ,  ,,,,,,,,,,,,,,,,,,,,,
08.02.01,,"1x3C 300mm XLPE/SWA/PVC 33kV AL Cable to TX-3                            
Approximate length: 20m",20,  ,  ,  ,  ,,,, 100.00 ," 2,000.00 ",, 180.00 ," 3,600.00 ",, 135.00 ," 2,700.00 ",, 467.00 ," 9,340.00 ",,,,,,,
,,,,  ,  ,  ,  ,,,,,,,,,,,,,,,,,,,,,
08.02.02,,"1x3C 300mm XLPE/SWA/PVC 33kV AL Cable to TX-4                       
Approximate length: 20m",20,  ,  ,  ,  ,,,, 100.00 ," 2,000.00 ",, 180.00 ," 3,600.00 ",, 135.00 ," 2,700.00 ",, 467.00 ," 9,340.00 ",,,,,,,
,,,,  ,  ,  ,  ,,,,,,,,,,,,,,,,,,,,,
08.02.01,,"1x3C 300mm XLPE/SWA/PVC 33kV AL Cable to TX-5                             
Approximate length: 20m",20,  ,  ,  ,  ,,,, 100.00 ," 2,000.00 ",, 180.00 ," 3,600.00 ",, 135.00 ," 2,700.00 ",, 467.00 ," 9,340.00 ",,,,,,,
,,,,  ,  ,  ,  ,,,,,,,,,,,,,,,,,,,,,
08.03.00,,From Switchgear Panel 4 to,,  ,  ,  ,  ,,,,,,,,,,,,,,,,,,,,,
,,,,  ,  ,  ,  ,,,,,,,,,,,,,,,,,,,,,
08.03.01,,"1x3C 300mm XLPE/SWA/PVC 33kV AL Cable to TX-6              
Approximate length: 20m",20,  ,  ,  ,  ,,,, 100.00 ," 2,000.00 ",, 180.00 ," 3,600.00 ",, 135.00 ," 2,700.00 ",, 467.00 ," 9,340.00 ",,,,,,,
,,,,  ,  ,  ,  ,,,,,,,,,,,,,,,,,,,,,
08.07.00,,33kv Cable termination kits,1," 120,000.00 "," 120,000.00 "," 120,000.00 "," 120,000.00 ",,,," 30,000.00 "," 30,000.00 ",," 180,000.00 "," 180,000.00 ",," 30,000.00 "," 30,000.00 ",," 165,600.00 "," 165,600.00 ",,,,,,,
,,,,  ,  ,  ,  ,,,,,,,,,,,,,,,,,,,,,
08.08.00,,"EQUIPMENT TOOLS 

Tools, testing and maintenance equipment for all equipments, as fitted drawings, manuals etc. as required by the specification for :- 
a) Oil Distribution Transformer 
b) 33KV AIS
c) 33 kV high voltage cable 
e) DC Supply Unit
f) Earthing System
g) Manufacturer Work Tests, Erection and Test on Completion
h) Service and Maintenance
i) Training of Personnel",1,  ,  ,  ,  ,,,," 50,000.00 "," 50,000.00 ",," 150,000.00 "," 150,000.00 ",," 150,000.00 "," 150,000.00 ",," 17,250.00 "," 17,250.00 ",,,,,,,
,,,,  ,  ,  ,  ,,,,,,,,,,,,,,,,,,,,,
09.00.00,,33KV DISTRIBUTION TRANSFORMER,,  ,  ,  ,  ,,,,,,,,,,,,,,,,,,,,,
,,,,  ,  ,  ,  ,,,,,,,,,,,,,,,,,,,,,
09.01.00,,"LABOUR for the unloading and installation of 33/0.433KV Cast Resin ANAF  (copper winding)
transformer as per drawing & specification.",,  ,  ,  ,  ,,,,,,,,,,,,,,,,,,,,,
09.01.01,,3500  KVA,2,  ,  ,  ,  ,,,," 5,000.00 "," 10,000.00 ",," 5,000.00 "," 10,000.00 ",," 12,000.00 "," 24,000.00 ",," 17,250.00 "," 34,500.00 ",,,,,,,
09.01.02,,2500  KVA,2,  ,  ,  ,  ,,,," 5,000.00 "," 10,000.00 ",," 4,000.00 "," 8,000.00 ",," 11,000.00 "," 22,000.00 ",," 17,250.00 "," 34,500.00 ",,,,,,,
09.01.02,,2000  KVA,2,  ,  ,  ,  ,,,," 5,000.00 "," 10,000.00 ",," 4,000.00 "," 8,000.00 ",," 10,000.00 "," 20,000.00 ",," 17,250.00 "," 34,500.00 ",,,,,,,
09.01.03,,1000  KVA,0,  ,  ,  ,  ,,,,, -   ,," 3,000.00 ", -   ,," 7,000.00 ", -   ,," 17,250.00 "," 17,250.00 ",,,,,,,
,,,,  ,  ,  ,  ,,,,,,,,,,,,,,,,,,,,,
09.02.00,,HT testing and commissioning (Site testing),1,  ,  ,  ,  ,,,," 12,000.00 "," 12,000.00 ",," 55,000.00 "," 55,000.00 ",," 7,000.00 "," 7,000.00 ",," 17,250.00 "," 17,250.00 ",,,,,,,
,,,,  ,  ,  ,  ,,,,,,,,,,,,,,,,,,,,,
09.03.00,,Submission to ST (Suruhanjaya Tenaga) c/w approval &  inspection fee & registration. Rate to include registration fees for two (2) years,1,  ,  ,  ,  ,,,," 10,000.00 "," 10,000.00 ",," 3,000.00 "," 3,000.00 ",," 15,000.00 "," 15,000.00 ",, -   , Included ,,,,,,,
,,,,  ,  ,  ,  ,,,,,,,,,,,,,,,,,,,,,
09.04.00,,Supply and install frame and neutral earth system including copper tapes from TRANSFORMER to earth bar c/w necesssary accessories. (Earth bar by others),1,  ,  ,  ,  ,,,," 12,000.00 "," 12,000.00 ",," 9,000.00 "," 9,000.00 ",," 25,000.00 "," 25,000.00 ",, -   , Included ,,,,,,,
,,,,  ,  ,  ,  ,,,,,,,,,,,,,,,,,,,,,
10.00.00,,LABOUR FOR THE UNLOADING AND INSTALLATION OF BUSDUCT/CABLE CONNECTION FROM TX TO MSB C/W NECESSARY ACCESSORIES FOR COMPLETION OF SYSTEM :-,,  ,  ,  ,  ,,,,,,,,,,,,,,,,,,,,,
,,,,  ,  ,  ,  ,,,,,,,,,,,,,,,,,,,,,
10.01.00,,"3500A 4P TPN Aluminium Bus Duct (IP55) from TX1 to EMSB-ASRS           
Approx length: ",90,  ,  ,  ,  ,,,, 400.00 ," 36,000.00 ",, 400.00 ," 36,000.00 ",, 150.00 ," 13,500.00 ",, 460.00 ," 41,400.00 ",,,,,,,
,,,,  ,  ,  ,  ,,,,,,,,,,,,,,,,,,,,,
10.02.00,,"3500A 4P TPN Aluminium Bus Duct (IP55) from TX2 to EMSB-ASRS           
Approx length: ",90,  ,  ,  ,  ,,,, 400.00 ," 36,000.00 ",, 400.00 ," 36,000.00 ",, 150.00 ," 13,500.00 ",, 460.00 ," 41,400.00 ",,,,,,,
,,,,  ,  ,  ,  ,,,,,,,,,,,,,,,,,,,,,
10.03.00,,"5000A 4P TPN Aluminium Bus Duct (IP55) from TX3 to EMSB-COLDROOM            
Approx length: ",160,  ,  ,  ,  ,,,, 500.00 ," 80,000.00 ",, 550.00 ," 88,000.00 ",, 170.00 ," 27,200.00 ",, 575.00 ," 92,000.00 ",,,,,,,
,,,,  ,  ,  ,  ,,,,,,,,,,,,,,,,,,,,,
10.04.00,,"5000A 4P TPN Aluminium Bus Duct (IP55) from TX4 to EMSB-COLDROOM            
Approx length: ",160,  ,  ,  ,  ,,,, 500.00 ," 80,000.00 ",, 550.00 ," 88,000.00 ",, 170.00 ," 27,200.00 ",, 575.00 ," 92,000.00 ",,,,,,,
,,,,  ,  ,  ,  ,,,,,,,,,,,,,,,,,,,,,
10.05.00,,"3000A 4P TPN Aluminium Bus Duct (IP55) from TX5 to MSB-LANDLORD             
Approx length: m",90,  ,  ,  ,  ,,,, 400.00 ," 36,000.00 ",, 350.00 ," 31,500.00 ",, 150.00 ," 13,500.00 ",, 460.00 ," 41,400.00 ",,,,,,,
,,,,  ,  ,  ,  ,,,,,,,,,,,,,,,,,,,,,
10.05.00,,"3000A 4P TPN Aluminium Bus Duct (IP55) from TX6 to MSB-TENANT
Approx length: m",90,  ,  ,  ,  ,,,, 400.00 ," 36,000.00 ",, 350.00 ," 31,500.00 ",, 150.00 ," 13,500.00 ",, 460.00 ," 41,400.00 ",,,,,,,
,,,,  ,  ,  ,  ,,,,,,,,,,,,,,,,,,,,,
,,,,  ,  ,  ,  ,,,,,,,,,,,,,,,,,,,,,
,,"Total 07.00.00 - 10.00.00 To Be Carried Forward
To Summary of Tender Prices",,," 332,680.00 ",," 341,780.00 ",,, -   ,," 1,112,576.00 ",,," 1,236,600.00 ",,," 650,300.00 ",,," 1,518,890.00 ",,, -   ,,, -   ,
,,,,  ,  ,  ,  ,,,,,,,,,,,,,,,,,,,,,
11.00.00,,STANDBY GENSET SYSTEM,,  ,  ,  ,  ,,,,,,,,,,,,,,,,,,,,,
,,,,  ,  ,  ,  ,,,,,,,,,,,,,,,,,,,,,
11.01.00,,Supply and delivery of the following Standby Genset (Under Ramp),,  ,  ,  ,  ,,,,,,,,,,,,,,,,,,,,,
,,,,  ,  ,  ,  ,,,,,,,,,,,,,,,,,,,,,
11.01.01,,"To supply and deliver one unit 1250kVA Prime Rating generator set 415V, 3phase 50Hz c/w diesel engine, alternator, automatic voltage regulator, mounting vibrators, oil other associated accessories - ",4,  ,  ,  ,  ,,,," 510,000.00 "," 2,040,000.00 ",," 437,000.00 "," 1,748,000.00 ",," 472,500.00 "," 1,890,000.00 ",," 616,400.00 "," 2,465,600.00 ",,,,,,,
,,,,  ,  ,  ,  ,,,,,,,,,,,,,,,,,,,,,
11.01.02,,To supply Automatic Main Failure Board c/w synchronization feature and all other associated accessories as per drawing.,2,  ,  ,  ,  ,,,," 147,989.00 "," 295,978.00 ",," 407,800.00 "," 407,800.00 ",," 142,887.00 "," 285,774.00 ",," 279,698.00 "," 559,396.00 ",,,,,,,
,,,,  ,  ,  ,  ,,,,,,,,,,,,,,,,,,,,,
11.01.03,,"To supply 24V Heavy Duty Nickel Cadmium Battery c/w Battery Charger with Trickle Charge, Boost Change etc.",4,  ,  ,  ,  ,,,," 21,360.00 "," 85,440.00 ",," 21,200.00 "," 84,800.00 ",," 23,100.00 "," 92,400.00 ",," 23,575.00 "," 94,300.00 ",,,,,,,
,,,,  ,  ,  ,  ,,,,,,,,,,,,,,,,,,,,,
11.01.04,,To supply and deliver one set fuel tank  c/w level indicator and motorised electric pump with piping. Rate to include supply of diesel necessary to support full load operation for 8 hours.,4,  ,  ,  ,  ,,,," 42,900.00 "," 171,600.00 ",," 53,375.00 "," 213,500.00 ",," 60,900.00 "," 243,600.00 ",," 59,823.00 "," 239,292.00 ",,,,,,,
,,,,  ,  ,  ,  ,,,,,,,,,,,,,,,,,,,,,
11.01.05,,"To supply Acoustic Treatment for generator set plantroom c/w exhaust air silencer, acoustic door to DOE requirements and DOE approval.",1,  ,  ,  ,  ,,,," 220,000.00 "," 220,000.00 ",," 33,120.00 "," 33,120.00 ",," 130,200.00 "," 130,200.00 ",," 44,850.00 "," 179,400.00 ",,,,,,,
,,,,  ,  ,  ,  ,,,,,,,,,,,,,,,,,,,,,
11.01.06,,Factory Witness & Acceptance testing for min. 5 personnel. (Load test in Malaysia),1,  ,  ,  ,  ,,,," 10,000.00 "," 10,000.00 ",," 10,000.00 "," 10,000.00 ",," 5,000.00 "," 5,000.00 ",, -   , Included ,,,,,,,
,,,,  ,  ,  ,  ,,,,,,,,,,,,,,,,,,,,,
11.02.00,,Supply and delivery of the following Standby Genset (ROOF LEVEL),,  ,  ,  ,  ,,,,,,,,,,,,,,,,,,,,,
,,,,  ,  ,  ,  ,,,,,,,,,,,,,,,,,,,,,
11.02.01,,"To supply and deliver one unit 1750kVA Prime Rating generator set 415V, 3phase 50Hz c/w diesel engine, alternator, automatic voltage regulator, mounting vibrators, oil other associated accessories.",2,  ,  ,  ,  ,,,," 866,000.00 "," 1,732,000.00 ",," 897,000.00 "," 1,794,000.00 ",," 1,008,000.00 "," 2,016,000.00 ",," 948,750.00 "," 1,897,500.00 ",,,,,,,
,,,,  ,  ,  ,  ,,,,,,,,,,,,,,,,,,,,,
11.02.02,,To supply Automatic Main Failure Board c/w synchronization feature and all other associated accessories as per drawing.,1,  ,  ,  ,  ,,,," 147,989.00 "," 147,989.00 ",," 3,000.00 "," 3,000.00 ",," 208,500.00 "," 208,500.00 ",," 279,698.00 "," 279,698.00 ",,,,,,,
,,,,  ,  ,  ,  ,,,,,,,,,,,,,,,,,,,,,
11.02.03,,"To supply 24V Heavy Duty Nickel Cadmium Battery c/w Battery Charger with Trickle Charge, Boost Change etc.",2,  ,  ,  ,  ,,,," 26,400.00 "," 52,800.00 ",," 25,800.00 "," 51,600.00 ",," 27,300.00 "," 54,600.00 ",," 29,210.00 "," 58,420.00 ",,,,,,,
,,,,  ,  ,  ,  ,,,,,,,,,,,,,,,,,,,,,
11.02.04,,To supply and deliver one set fuel tank  c/w level indicator and motorised electric pump with piping. Rate to include supply of diesel necessary to support full load operation for 8hours.,2,  ,  ,  ,  ,,,," 64,900.00 "," 129,800.00 ",," 82,780.00 "," 165,560.00 ",," 86,800.00 "," 173,600.00 ",," 54,050.00 "," 108,100.00 ",,,,,,,
,,,,  ,  ,  ,  ,,,,,,,,,,,,,,,,,,,,,
11.02.05,,"To supply Acoustic Treatment for generator set plantroom c/w exhaust air silencer, acoustic door to DOE requirements and DOE approval.",1,  ,  ,  ,  ,,,," 124,000.00 "," 124,000.00 ",," 42,320.00 "," 42,320.00 ",," 105,000.00 "," 105,000.00 ",," 82,823.00 "," 165,646.00 ",,,,,,,
,,,,  ,  ,  ,  ,,,,,,,,,,,,,,,,,,,,,
11.02.06,,Factory Witness & Acceptance testing for min. 5 personnel. (Load test in Malaysia),1,  ,  ,  ,  ,,,," 10,000.00 "," 10,000.00 ",," 10,000.00 "," 10,000.00 ",," 5,000.00 "," 5,000.00 ",, -   , Included ,,,,,,,
,,,,  ,  ,  ,  ,,,,,,,,,,,,,,,,,,,,,
,,,,  ,  ,  ,  ,,,,,,,,,,,,,,,,,,,,,
,,"Total 11.00.00 To Be Carried Forward
To Summary of Tender Prices",,, -   ,, -   ,,, -   ,," 5,019,607.00 ",,," 4,563,700.00 ",,," 5,209,674.00 ",,," 6,047,352.00 ",,, -   ,,, -   ,
,,,,  ,  ,  ,  ,,,,,,,,,,,,,,,,,,,,,
12.00.00,,STANDBY GENSET SYSTEM,,  ,  ,  ,  ,,,,,,,,,,,,,,,,,,,,,
,,,,  ,  ,  ,  ,,,,,,,,,,,,,,,,,,,,,
12.01.00,,Standby Genset (Under Ramp),,  ,  ,  ,  ,,,,,,,,,,,,,,,,,,,,,
,,,,  ,  ,  ,  ,,,,,,,,,,,,,,,,,,,,,
12.01.01,,"LABOUR for the unloading and installation of one unit 1250kVA Prime Rating generator set 415V, 3phase 50Hz ",4,  ,  ,  ,  ,,,," 15,000.00 "," 60,000.00 ",,, By Others ,," 18,000.00 "," 72,000.00 ",," 18,492.00 "," 73,968.00 ",,,,,,,
,,,,  ,  ,  ,  ,,,,,,,,,,,,,,,,,,,,,
12.01.02,,LABOUR for the unloading and installation Automatic Main Failure Board and all other associated accessories as per drawing.,2,  ,  ,  ,  ,,,," 5,000.00 "," 10,000.00 ",," 1,500.00 "," 3,000.00 ",," 3,800.00 "," 7,600.00 ",," 5,750.00 "," 11,500.00 ",,,,,,,
,,,,  ,  ,  ,  ,,,,,,,,,,,,,,,,,,,,,
12.01.03,,LABOUR for the unloading and installation 24V Heavy Duty Nickel Cadmium Battery,4,  ,  ,  ,  ,,,," 2,000.00 "," 8,000.00 ",,, By Others ,," 1,000.00 "," 4,000.00 ",," 17,250.00 "," 69,000.00 ",,,,,,,
,,,,  ,  ,  ,  ,,,,,,,,,,,,,,,,,,,,,
12.01.04,,LABOUR for the unloading and installation one set fuel tank c/w spill containment RC Slab or G.I. Rate to include all connecting pipe work from fuel tank to gen-set and from fuel tank to intake.,4,  ,  ,  ,  ,,,," 5,000.00 "," 20,000.00 ",,, By Others ,," 8,000.00 "," 32,000.00 ",," 17,250.00 "," 69,000.00 ",,,,,,,
,,,,  ,  ,  ,  ,,,,,,,,,,,,,,,,,,,,,
12.01.05,,"LABOUR for the unloading and installation Acoustic Treatment for generator set plantroom c/w exhaust air silencer, acoustic door to DOE requirements and DOE approval.",1,  ,  ,  ,  ,,,," 48,000.00 "," 48,000.00 ",,, By Others ,," 28,000.00 "," 28,000.00 ",," 28,463.00 "," 56,926.00 ",,,,,,,
,,,,  ,  ,  ,  ,,,,,,,,,,,,,,,,,,,,,
12.01.06,,"To supply Rubber mat, signages to authorities requirement, standard accessories- tools kit, operation, maintenance and parts manual ",1,  ,  ,  ,  ,,,," 15,000.00 "," 15,000.00 ",," 3,000.00 "," 3,000.00 ",," 12,000.00 "," 12,000.00 ",," 20,700.00 "," 20,700.00 ",,,,,,,
,,,,  ,  ,  ,  ,,,,,,,,,,,,,,,,,,,,,
12.01.07,,Submission to ST c/w approval and inspection fee. Rate to include registration fees for two (2) years,1,  ,  ,  ,  ,,,," 20,000.00 "," 20,000.00 ",," 5,000.00 "," 5,000.00 ",," 10,000.00 "," 10,000.00 ",, -   , Included ,,,,,,,
,,,,  ,  ,  ,  ,,,,,,,,,,,,,,,,,,,,,
12.01.08,,Supply and install earth system including copper tapes from GENSET to earth bar c/w necesssary accessories. (Earth bar by others),1,  ,  ,  ,  ,,,," 30,000.00 "," 30,000.00 ",," 6,000.00 "," 6,000.00 ",," 24,000.00 "," 24,000.00 ",," 82,800.00 "," 82,800.00 ",,,,,,,
,,,,  ,  ,  ,  ,,,,,,,,,,,,,,,,,,,,,
12.01.09,,Testing and commissioning,1,  ,  ,  ,  ,,,," 20,000.00 "," 20,000.00 ",," 3,000.00 "," 3,000.00 ",," 12,000.00 "," 12,000.00 ",," 20,700.00 "," 20,700.00 ",,,,,,,
,,,,  ,  ,  ,  ,,,,,,,,,,,,,,,,,,,,,
12.02.00,,Standby Genset (ROOF LEVEL),,  ,  ,  ,  ,,,,,,,,,,,,,,,,,,,,,
,,,,  ,  ,  ,  ,,,,,,,,,,,,,,,,,,,,,
12.02.01,,"LABOUR for the unloading and installation of one unit 1750kVA Prime Rating generator set 415V, 3phase 50Hz",2,  ,  ,  ,  ,,,," 30,000.00 "," 60,000.00 ",,, By Others ,," 22,000.00 "," 44,000.00 ",," 17,250.00 "," 34,500.00 ",,,,,,,
,,,,  ,  ,  ,  ,,,,,,,,,,,,,,,,,,,,,
12.02.02,,LABOUR for the unloading and installation Automatic Main Failure Board and all other associated accessories as per drawing.,1,  ,  ,  ,  ,,,," 10,000.00 "," 10,000.00 ",," 1,500.00 "," 1,500.00 ",," 5,000.00 "," 5,000.00 ",," 5,750.00 "," 5,750.00 ",,,,,,,
,,,,  ,  ,  ,  ,,,,,,,,,,,,,,,,,,,,,
12.02.03,,LABOUR for the unloading and installation 24V Heavy Duty Nickel Cadmium Battery,2,  ,  ,  ,  ,,,," 4,000.00 "," 8,000.00 ",,, By Others ,," 2,000.00 "," 4,000.00 ",," 1,725.00 "," 3,450.00 ",,,,,,,
,,,,  ,  ,  ,  ,,,,,,,,,,,,,,,,,,,,,
12.02.04,,LABOUR for the unloading and installation one set fuel tank c/w spill containment RC Slab or G.I. Rate to include all connecting pipe work from fuel tank to gen-set and from fuel tank to intake.,2,  ,  ,  ,  ,,,," 6,000.00 "," 12,000.00 ",,, By Others ,," 9,000.00 "," 18,000.00 ",," 17,250.00 "," 34,500.00 ",,,,,,,
,,,,  ,  ,  ,  ,,,,,,,,,,,,,,,,,,,,,
12.02.05,,"LABOUR for the unloading and installation Acoustic Treatment for generator set plantroom c/w exhaust air silencer, acoustic door to DOE requirements and DOE approval.",1,  ,  ,  ,  ,,,," 20,000.00 "," 20,000.00 ",,, By Others ,," 16,000.00 "," 16,000.00 ",," 17,250.00 "," 17,250.00 ",,,,,,,
,,,,  ,  ,  ,  ,,,,,,,,,,,,,,,,,,,,,
12.02.06,,"To supply Rubber mat, signages to authorities requirement, standard accessories- tools kit, operation, maintenance and parts manual ",1,  ,  ,  ,  ,,,," 15,000.00 "," 15,000.00 ",," 3,000.00 "," 3,000.00 ",," 10,000.00 "," 10,000.00 ",," 20,700.00 "," 20,700.00 ",,,,,,,
,,,,  ,  ,  ,  ,,,,,,,,,,,,,,,,,,,,,
12.02.07,,Submission to ST c/w approval and inspection fee. Rate to include registration fees for two (2) years,1,  ,  ,  ,  ,,,," 20,000.00 "," 20,000.00 ",," 5,000.00 "," 5,000.00 ",," 8,000.00 "," 8,000.00 ",," 5,750.00 "," 5,750.00 ",,,,,,,
,,,,  ,  ,  ,  ,,,,,,,,,,,,,,,,,,,,,
12.02.08,,Supply and install earth system including copper tapes from GENSET to earth bar c/w necesssary accessories. (Earth bar by others),1,  ,  ,  ,  ,,,," 30,000.00 "," 30,000.00 ",," 3,000.00 "," 3,000.00 ",," 8,000.00 "," 8,000.00 ",," 10,350.00 "," 10,350.00 ",,,,,,,
,,,,  ,  ,  ,  ,,,,,,,,,,,,,,,,,,,,,
12.02.09,,Testing and commissioning.,1,  ,  ,  ,  ,,,," 18,000.00 "," 18,000.00 ",," 3,000.00 "," 3,000.00 ",," 5,000.00 "," 5,000.00 ",," 17,250.00 "," 17,250.00 ",,,,,,,
,,,,  ,  ,  ,  ,,,,,,,,,,,,,,,,,,,,,
,,,,  ,  ,  ,  ,,,,,,,,,,,,,,,,,,,,,
,,"Total 12.00.00 To Be Carried Forward
To Summary of Tender Prices",,, -   ,, -   ,,, -   ,," 424,000.00 ",,," 35,500.00 ",,," 319,600.00 ",,," 554,094.00 ",,, -   ,,, -   ,
,,,,  ,  ,  ,  ,,,,,,,,,,,,,,,,,,,,,
13.00.00,,SWITCHBOARD,,  ,  ,  ,  ,,,,,,,,,,,,,,,,,,,,,
,,,,  ,  ,  ,  ,,,,,,,,,,,,,,,,,,,,,
13.01.00,,"Main Switchboard

To supply and install the following low voltage floor standing main switchboard, MSB (form 4B), complete with air circuit breakers (ACBs) with spring charging motors, surge protector device  (SPD), active voltage conditioner, moulded case circuit breakers, current transformers, digital power meter, overcurrent and earth fault IDMT relays. (as per drawing)

*Main busbar shall withstand 65KA for 3seconds. ",,  ,  ,  ,  ,,,,,,,,,,,,,,,,,,,,,
13.01.01,,EMSB-ASRS (65KA),1," 575,000.00 "," 575,000.00 "," 575,000.00 "," 575,000.00 ",,,," 582,791.00 "," 582,791.00 ",," 808,690.00 "," 808,690.00 ",," 535,720.00 "," 535,720.00 ",," 654,962.00 "," 654,962.00 ",,,,,,,
13.01.02,,EMSB-COLDROOM (85KA),Rate Only,  ,  ,  ,  ,,,,, Rate Only ,,, Rate Only ,,, Rate Only ,,, Rate Only ,,,,,,,
13.01.03,,MSB-LANDLORD  (65KA),1," 575,000.00 "," 575,000.00 "," 575,000.00 "," 575,000.00 ",,,," 286,892.00 "," 286,892.00 ",," 382,500.00 "," 382,500.00 ",," 263,720.00 "," 263,720.00 ",," 337,523.00 "," 337,523.00 ",,,,,,,
13.01.04,,EMSB-LANDLORD (65KA),1," 575,000.00 "," 575,000.00 "," 575,000.00 "," 575,000.00 ",,,," 377,521.00 "," 377,521.00 ",," 802,250.00 "," 802,250.00 ",," 347,110.00 "," 347,110.00 ",," 504,978.00 "," 504,978.00 ",,,,,,,
13.01.05,,MSB-TENANT (65KA),1," 575,000.00 "," 575,000.00 "," 575,000.00 "," 575,000.00 ",,,," 278,788.00 "," 278,788.00 ",," 468,750.00 "," 468,750.00 ",," 256,353.00 "," 256,353.00 ",," 336,170.00 "," 336,170.00 ",,,,,,,
,,,,  ,  ,  ,  ,,,,,,,,,,,,,,,,,,,,,
13.01.06,,"To supply Labelling, signage, rubber mat, drawings, CPR diagram etc.",1,  ,  ,  ,  ,,,," 20,000.00 "," 20,000.00 ",,, -   ,," 15,000.00 "," 15,000.00 ",," 5,750.00 "," 5,750.00 ",,,,,,,
,,,,  ,  ,  ,  ,,,,,,,,,,,,,,,,,,,,,
13.01.07,,Supply and install earth system including copper tapes from MSB to earth bar c/w necesssary accessories. (Earth bar by others),1,  ,  ,  ,  ,,,," 20,000.00 "," 20,000.00 ",,, -   ,," 18,500.00 "," 18,500.00 ",," 4,600.00 "," 4,600.00 ",,,,,,,
,,,,  ,  ,  ,  ,,,,,,,,,,,,,,,,,,,,,
13.02.00,,"Meter Panels

To supply and install meter panels c/w all necessary accessories  (as per drawing)",,  ,  ,  ,  ,,,,,,,,,,,,,,,,,,,,,
,,,,  ,  ,  ,  ,,,,,,,,,,,,,,,,,,,,,
13.02.01,,From MSB-TENANT,,  ,  ,  ,  ,,,,,,,,,,,,,,,,,,,,,
13.02.01.01,,MP-GA,1," 17,250.00 "," 17,250.00 "," 17,250.00 "," 17,250.00 ",,,," 21,861.00 "," 21,861.00 ",," 11,425.00 "," 11,425.00 ",," 11,844.00 "," 11,844.00 ",," 7,423.00 "," 7,423.00 ",,,,,,,
13.02.01.02,,MP-GB,1," 17,250.00 "," 17,250.00 "," 17,250.00 "," 17,250.00 ",,,," 21,861.00 "," 21,861.00 ",," 11,425.00 "," 11,425.00 ",," 11,844.00 "," 11,844.00 ",," 7,423.00 "," 7,423.00 ",,,,,,,
13.02.01.03,,MP-GC,1," 17,250.00 "," 17,250.00 "," 17,250.00 "," 17,250.00 ",,,," 21,861.00 "," 21,861.00 ",," 11,425.00 "," 11,425.00 ",," 11,844.00 "," 11,844.00 ",," 7,423.00 "," 7,423.00 ",,,,,,,
13.02.01.04,,MP-1A,1," 17,250.00 "," 17,250.00 "," 17,250.00 "," 17,250.00 ",,,," 21,861.00 "," 21,861.00 ",," 11,425.00 "," 11,425.00 ",," 11,844.00 "," 11,844.00 ",," 7,423.00 "," 7,423.00 ",,,,,,,
13.02.01.05,,MP-1B,1," 17,250.00 "," 17,250.00 "," 17,250.00 "," 17,250.00 ",,,," 21,861.00 "," 21,861.00 ",," 11,425.00 "," 11,425.00 ",," 11,844.00 "," 11,844.00 ",," 7,423.00 "," 7,423.00 ",,,,,,,
13.02.01.06,,MP-2A,1," 17,250.00 "," 17,250.00 "," 17,250.00 "," 17,250.00 ",,,," 21,861.00 "," 21,861.00 ",," 11,425.00 "," 11,425.00 ",," 11,844.00 "," 11,844.00 ",," 7,423.00 "," 7,423.00 ",,,,,,,
13.02.01.07,,MP-2B,1," 17,250.00 "," 17,250.00 "," 17,250.00 "," 17,250.00 ",,,," 21,861.00 "," 21,861.00 ",," 11,425.00 "," 11,425.00 ",," 11,844.00 "," 11,844.00 ",," 7,423.00 "," 7,423.00 ",,,,,,,
13.02.01.08,,MP-3A,1," 17,250.00 "," 17,250.00 "," 17,250.00 "," 17,250.00 ",,,," 21,861.00 "," 21,861.00 ",," 11,425.00 "," 11,425.00 ",," 11,844.00 "," 11,844.00 ",," 7,423.00 "," 7,423.00 ",,,,,,,
13.02.01.09,,MP-3B,1," 17,250.00 "," 17,250.00 "," 17,250.00 "," 17,250.00 ",,,," 21,861.00 "," 21,861.00 ",," 11,425.00 "," 11,425.00 ",," 11,844.00 "," 11,844.00 ",," 7,423.00 "," 7,423.00 ",,,,,,,
,,,,  ,  ,  ,  ,,,,,,,,,,,,,,,,,,,,,
13.02.05,,MP-MDF,1," 17,250.00 "," 17,250.00 "," 17,250.00 "," 17,250.00 ",,,," 21,861.00 "," 21,861.00 ",," 3,490.00 "," 3,490.00 ",, 600.00 , 600.00 ,," 7,423.00 "," 7,423.00 ",,,,,,,
,,,,  ,  ,  ,  ,,,,,,,,,,,,,,,,,,,,,
13.02.06,,Supply 9 Nos. owner 400A 3-phase check meter for tenant SSB,9,  ,  ,  ,  ,,,," 6,300.00 "," 56,700.00 ",," 2,025.00 "," 18,225.00 ",," 1,580.00 "," 14,220.00 ",," 7,423.00 "," 66,807.00 ",,,,,,,
,,,,  ,  ,  ,  ,,,,,,,,,,,,,,,,,,,,,
13.03.00,,"Sub-Switchboard

To supply and install sub switchboards c/w air circuit breakers (ACB/MCCBs) with spring charging motors, moulded case circuit breakers, current transformers, digital power meter, overcurrent and earth fault IDMT relays (as per drawing)",,  ,  ,  ,  ,,,,,,,,,,,,,,,,,,,,,
,,,,  ,  ,  ,  ,,,,,,,,,,,,,,,,,,,,,
13.03.01,,From MSB-LANDLORD,,  ,  ,  ,  ,,,,,,,,,,,,,,,,,,,,,
13.03.01.01,,ESSB-LANDLORD,1," 17,250.00 "," 17,250.00 "," 17,250.00 "," 17,250.00 ",,,," 13,954.00 "," 13,954.00 ",," 13,132.50 "," 13,132.50 ",," 13,955.00 "," 13,955.00 ",," 16,162.00 "," 16,162.00 ",,,,,,,
,,,,  ,  ,  ,  ,,,,,,,,,,,,,,,,,,,,,
13.03.02,,MSB-TENANT,,  ,  ,  ,  ,,,,,,,,,,,,,,,,,,,,,
13.03.02.01,,SSB-GA,1," 17,250.00 "," 17,250.00 "," 17,250.00 "," 17,250.00 ",,,," 13,849.00 "," 13,849.00 ",," 17,405.00 "," 17,405.00 ",," 11,849.00 "," 11,849.00 ",," 16,396.00 "," 16,396.00 ",,,,,,,
13.03.02.02,,SSB-GB,1," 17,250.00 "," 17,250.00 "," 17,250.00 "," 17,250.00 ",,,," 13,849.00 "," 13,849.00 ",," 17,405.00 "," 17,405.00 ",," 11,849.00 "," 11,849.00 ",," 16,396.00 "," 16,396.00 ",,,,,,,
13.03.02.03,,SSB-GC,1," 17,250.00 "," 17,250.00 "," 17,250.00 "," 17,250.00 ",,,," 13,849.00 "," 13,849.00 ",," 17,405.00 "," 17,405.00 ",," 11,849.00 "," 11,849.00 ",," 16,396.00 "," 16,396.00 ",,,,,,,
13.03.02.04,,SSB-1A,1," 17,250.00 "," 17,250.00 "," 17,250.00 "," 17,250.00 ",,,," 13,849.00 "," 13,849.00 ",," 17,405.00 "," 17,405.00 ",," 11,849.00 "," 11,849.00 ",," 16,396.00 "," 16,396.00 ",,,,,,,
13.03.02.05,,SSB-1B,1," 17,250.00 "," 17,250.00 "," 17,250.00 "," 17,250.00 ",,,," 13,849.00 "," 13,849.00 ",," 17,405.00 "," 17,405.00 ",," 11,849.00 "," 11,849.00 ",," 16,396.00 "," 16,396.00 ",,,,,,,
13.03.02.06,,SSB-2A,1," 17,250.00 "," 17,250.00 "," 17,250.00 "," 17,250.00 ",,,," 13,849.00 "," 13,849.00 ",," 17,405.00 "," 17,405.00 ",," 11,849.00 "," 11,849.00 ",," 16,396.00 "," 16,396.00 ",,,,,,,
13.03.02.07,,SSB-2B,1," 17,250.00 "," 17,250.00 "," 17,250.00 "," 17,250.00 ",,,," 13,849.00 "," 13,849.00 ",," 17,405.00 "," 17,405.00 ",," 11,849.00 "," 11,849.00 ",," 16,396.00 "," 16,396.00 ",,,,,,,
13.03.02.08,,SSB-3A,1," 17,250.00 "," 17,250.00 "," 17,250.00 "," 17,250.00 ",,,," 13,849.00 "," 13,849.00 ",," 17,405.00 "," 17,405.00 ",," 11,849.00 "," 11,849.00 ",," 16,396.00 "," 16,396.00 ",,,,,,,
13.03.02.09,,SSB-3B,1," 17,250.00 "," 17,250.00 "," 17,250.00 "," 17,250.00 ",,,," 13,849.00 "," 13,849.00 ",," 17,405.00 "," 17,405.00 ",," 11,849.00 "," 11,849.00 ",," 16,396.00 "," 16,396.00 ",,,,,,,
,,,,  ,  ,  ,  ,,,,,,,,,,,,,,,,,,,,,
13.04.00,,"Distribution Board

Supply and install the following low voltage distribution boards complete with all distribution boards components and all accessories as per specification and drawing:-",,  ,  ,  ,  ,,,,,,,,,,,,,,,,,,,,,
,,,,  ,  ,  ,  ,,,,,,,,,,,,,,,,,,,,,
13.04.01,,From EMSB-ASRS,,  ,  ,  ,  ,,,,,,,,,,,,,,,,,,,,,
13.04.01.01,,EDB-ASRS-GF,1," 9,200.00 "," 9,200.00 "," 9,200.00 "," 9,200.00 ",,,," 18,631.00 "," 18,631.00 ",, 350.00 , 350.00 ,," 19,131.00 "," 19,131.00 ",," 15,534.00 "," 15,534.00 ",,,,,,,
13.04.01.02,,EDB-ASRS-1F,1," 9,200.00 "," 9,200.00 "," 9,200.00 "," 9,200.00 ",,,," 18,631.00 "," 18,631.00 ",, 350.00 , 350.00 ,," 19,131.00 "," 19,131.00 ",," 15,534.00 "," 15,534.00 ",,,,,,,
13.04.01.03,,EDB-ASRS-2F,1," 9,200.00 "," 9,200.00 "," 9,200.00 "," 9,200.00 ",,,," 18,631.00 "," 18,631.00 ",, 350.00 , 350.00 ,," 19,131.00 "," 19,131.00 ",," 15,534.00 "," 15,534.00 ",,,,,,,
13.04.01.04,,CP-ASRS,Rate Only,  ,  ,  ,  ,,,,, Rate Only ,,, Rate Only ,, Rate Only , Rate Only ,,, Rate Only ,,,,,,,
13.04.01.05,,EDB-SERVER1-1,1," 9,200.00 "," 9,200.00 "," 9,200.00 "," 9,200.00 ",,,," 11,330.00 "," 11,330.00 ",, 350.00 , 350.00 ,," 11,830.00 "," 11,830.00 ",," 11,271.00 "," 11,271.00 ",,,,,,,
13.04.01.06,,EDB-SERVER2-1,1," 9,200.00 "," 9,200.00 "," 9,200.00 "," 9,200.00 ",,,," 7,323.00 "," 7,323.00 ",, 350.00 , 350.00 ,," 7,824.00 "," 7,824.00 ",," 10,234.00 "," 10,234.00 ",,,,,,,
,,,,  ,  ,  ,  ,,,,,,,,,,,,,,,,,,,,,
13.04.02,,From MSB-LANDLORD,,  ,  ,  ,  ,,,,,,,,,,,,,,,,,,,,,
13.04.02.01,,DB-GF-1,1," 9,200.00 "," 9,200.00 "," 9,200.00 "," 9,200.00 ",,,," 2,656.00 "," 2,656.00 ",," 2,420.00 "," 2,420.00 ",," 2,657.00 "," 2,657.00 ",," 2,454.00 "," 2,454.00 ",,,,,,,
13.04.02.02,,DB-1F-1,1," 9,200.00 "," 9,200.00 "," 9,200.00 "," 9,200.00 ",,,," 2,656.00 "," 2,656.00 ",," 2,420.00 "," 2,420.00 ",," 2,657.00 "," 2,657.00 ",," 2,454.00 "," 2,454.00 ",,,,,,,
13.04.02.03,,DB-2F-1,1," 9,200.00 "," 9,200.00 "," 9,200.00 "," 9,200.00 ",,,," 2,656.00 "," 2,656.00 ",," 2,420.00 "," 2,420.00 ",," 2,657.00 "," 2,657.00 ",," 2,454.00 "," 2,454.00 ",,,,,,,
13.04.02.04,,DB-3F-1,1," 9,200.00 "," 9,200.00 "," 9,200.00 "," 9,200.00 ",,,," 2,656.00 "," 2,656.00 ",," 2,420.00 "," 2,420.00 ",," 2,657.00 "," 2,657.00 ",," 2,454.00 "," 2,454.00 ",,,,,,,
13.04.02.05,,DB-GF-2,1," 9,200.00 "," 9,200.00 "," 9,200.00 "," 9,200.00 ",,,," 2,656.00 "," 2,656.00 ",," 2,420.00 "," 2,420.00 ",," 2,657.00 "," 2,657.00 ",," 2,454.00 "," 2,454.00 ",,,,,,,
13.04.02.06,,DB-1F-2,1," 9,200.00 "," 9,200.00 "," 9,200.00 "," 9,200.00 ",,,," 2,656.00 "," 2,656.00 ",," 2,420.00 "," 2,420.00 ",," 2,657.00 "," 2,657.00 ",," 2,454.00 "," 2,454.00 ",,,,,,,
13.04.02.07,,DB-2F-2,1," 9,200.00 "," 9,200.00 "," 9,200.00 "," 9,200.00 ",,,," 2,656.00 "," 2,656.00 ",," 2,420.00 "," 2,420.00 ",," 2,657.00 "," 2,657.00 ",," 2,454.00 "," 2,454.00 ",,,,,,,
13.04.02.08,,DB-3F-2,1," 9,200.00 "," 9,200.00 "," 9,200.00 "," 9,200.00 ",,,," 2,656.00 "," 2,656.00 ",," 2,420.00 "," 2,420.00 ",," 2,657.00 "," 2,657.00 ",," 2,454.00 "," 2,454.00 ",,,,,,,
13.04.02.09,,DB-GF-3,1," 9,200.00 "," 9,200.00 "," 9,200.00 "," 9,200.00 ",,,," 2,656.00 "," 2,656.00 ",," 2,420.00 "," 2,420.00 ",," 2,657.00 "," 2,657.00 ",," 2,454.00 "," 2,454.00 ",,,,,,,
13.04.02.10,,DB-1F-3,1," 9,200.00 "," 9,200.00 "," 9,200.00 "," 9,200.00 ",,,," 2,656.00 "," 2,656.00 ",," 2,420.00 "," 2,420.00 ",," 2,657.00 "," 2,657.00 ",," 2,454.00 "," 2,454.00 ",,,,,,,
13.04.02.11,,DB-2F-3,1," 9,200.00 "," 9,200.00 "," 9,200.00 "," 9,200.00 ",,,," 2,656.00 "," 2,656.00 ",," 2,420.00 "," 2,420.00 ",," 2,657.00 "," 2,657.00 ",," 2,454.00 "," 2,454.00 ",,,,,,,
13.04.02.12,,DB-3F-3,1," 9,200.00 "," 9,200.00 "," 9,200.00 "," 9,200.00 ",,,," 2,656.00 "," 2,656.00 ",," 2,420.00 "," 2,420.00 ",," 2,657.00 "," 2,657.00 ",," 2,454.00 "," 2,454.00 ",,,,,,,
13.04.02.13,,DB-CANTEEN,1," 9,200.00 "," 9,200.00 "," 9,200.00 "," 9,200.00 ",,,," 2,793.00 "," 2,793.00 ",," 1,960.00 "," 1,960.00 ",," 2,793.00 "," 2,793.00 ",," 2,486.00 "," 2,486.00 ",,,,,,,
13.04.02.14,,DB-MANAGEMENT,1," 9,200.00 "," 9,200.00 "," 9,200.00 "," 9,200.00 ",,,," 2,204.00 "," 2,204.00 ",," 1,730.00 "," 1,730.00 ",," 2,325.00 "," 2,325.00 ",," 2,302.00 "," 2,302.00 ",,,,,,,
13.04.02.15,,DB-EV,1," 9,200.00 "," 9,200.00 "," 9,200.00 "," 9,200.00 ",,,," 4,764.00 "," 4,764.00 ",," 7,020.00 "," 7,020.00 ",," 4,765.00 "," 4,765.00 ",," 6,831.00 "," 6,831.00 ",,,,,,,
,,,,  ,  ,  ,  ,,,,,,,,,,,,,,,,,,,,,
13.04.03,,From EMSB-LANDLORD,,  ,  ,  ,  ,,,,,,,,,,,,,,,,,,,,,
13.04.03.01,,EDB-GF-1,1," 9,200.00 "," 9,200.00 "," 9,200.00 "," 9,200.00 ",,,," 2,656.00 "," 2,656.00 ",," 3,455.00 "," 3,455.00 ",," 2,657.00 "," 2,657.00 ",," 3,403.00 "," 3,403.00 ",,,,,,,
13.04.03.02,,EDB-1F-1,1," 9,200.00 "," 9,200.00 "," 9,200.00 "," 9,200.00 ",,,," 2,656.00 "," 2,656.00 ",," 3,455.00 "," 3,455.00 ",," 2,657.00 "," 2,657.00 ",," 3,403.00 "," 3,403.00 ",,,,,,,
13.04.03.03,,EDB-2F-1,1," 9,200.00 "," 9,200.00 "," 9,200.00 "," 9,200.00 ",,,," 2,656.00 "," 2,656.00 ",," 3,455.00 "," 3,455.00 ",," 2,657.00 "," 2,657.00 ",," 3,403.00 "," 3,403.00 ",,,,,,,
13.04.03.04,,EDB-3F-1,1," 9,200.00 "," 9,200.00 "," 9,200.00 "," 9,200.00 ",,,," 2,656.00 "," 2,656.00 ",," 3,455.00 "," 3,455.00 ",," 2,657.00 "," 2,657.00 ",," 3,403.00 "," 3,403.00 ",,,,,,,
13.04.03.05,,EDB-GF-2,1," 9,200.00 "," 9,200.00 "," 9,200.00 "," 9,200.00 ",,,," 2,656.00 "," 2,656.00 ",," 3,455.00 "," 3,455.00 ",," 2,657.00 "," 2,657.00 ",," 3,403.00 "," 3,403.00 ",,,,,,,
13.04.03.06,,EDB-1F-2,1," 9,200.00 "," 9,200.00 "," 9,200.00 "," 9,200.00 ",,,," 2,656.00 "," 2,656.00 ",," 3,455.00 "," 3,455.00 ",," 2,657.00 "," 2,657.00 ",," 3,403.00 "," 3,403.00 ",,,,,,,
13.04.03.07,,EDB-2F-2,1," 9,200.00 "," 9,200.00 "," 9,200.00 "," 9,200.00 ",,,," 2,656.00 "," 2,656.00 ",," 3,455.00 "," 3,455.00 ",," 2,657.00 "," 2,657.00 ",," 3,403.00 "," 3,403.00 ",,,,,,,
13.04.03.08,,EDB-3F-2,1," 9,200.00 "," 9,200.00 "," 9,200.00 "," 9,200.00 ",,,," 2,656.00 "," 2,656.00 ",," 3,455.00 "," 3,455.00 ",," 2,657.00 "," 2,657.00 ",," 3,403.00 "," 3,403.00 ",,,,,,,
13.04.03.09,,EDB-GF-3,1," 9,200.00 "," 9,200.00 "," 9,200.00 "," 9,200.00 ",,,," 2,656.00 "," 2,656.00 ",," 3,455.00 "," 3,455.00 ",," 2,657.00 "," 2,657.00 ",," 3,403.00 "," 3,403.00 ",,,,,,,
13.04.03.10,,EDB-1F-3,1," 9,200.00 "," 9,200.00 "," 9,200.00 "," 9,200.00 ",,,," 2,656.00 "," 2,656.00 ",," 3,455.00 "," 3,455.00 ",," 2,657.00 "," 2,657.00 ",," 3,403.00 "," 3,403.00 ",,,,,,,
13.04.03.11,,EDB-2F-3,1," 9,200.00 "," 9,200.00 "," 9,200.00 "," 9,200.00 ",,,," 2,656.00 "," 2,656.00 ",," 3,455.00 "," 3,455.00 ",," 2,657.00 "," 2,657.00 ",," 3,403.00 "," 3,403.00 ",,,,,,,
13.04.03.12,,EDB-3F-3,1," 9,200.00 "," 9,200.00 "," 9,200.00 "," 9,200.00 ",,,," 2,656.00 "," 2,656.00 ",," 3,455.00 "," 3,455.00 ",," 2,657.00 "," 2,657.00 ",," 3,403.00 "," 3,403.00 ",,,,,,,
13.04.03.13,,EDB-RAMP,1," 9,200.00 "," 9,200.00 "," 9,200.00 "," 9,200.00 ",,,," 2,354.00 "," 2,354.00 ",," 1,960.00 "," 1,960.00 ",," 2,354.00 "," 2,354.00 ",," 2,264.00 "," 2,264.00 ",,,,,,,
13.04.03.14,,EDB-M&E1,1," 9,200.00 "," 9,200.00 "," 9,200.00 "," 9,200.00 ",,,," 2,204.00 "," 2,204.00 ",," 1,845.00 "," 1,845.00 ",," 2,325.00 "," 2,325.00 ",," 2,302.00 "," 2,302.00 ",,,,,,,
13.04.03.15,,FP-CL/02,1," 9,200.00 "," 9,200.00 "," 9,200.00 "," 9,200.00 ",,,," 4,096.00 "," 4,096.00 ",," 5,640.00 "," 5,640.00 ",," 3,597.00 "," 3,597.00 ",," 4,813.00 "," 4,813.00 ",,,,,,,
13.04.03.16,,EDB-CONTROL,1," 9,200.00 "," 9,200.00 "," 9,200.00 "," 9,200.00 ",,,," 2,135.00 "," 2,135.00 ",," 1,845.00 "," 1,845.00 ",," 2,135.00 "," 2,135.00 ",," 2,302.00 "," 2,302.00 ",,,,,,,
13.04.03.17,,EDB-MDF,1," 9,200.00 "," 9,200.00 "," 9,200.00 "," 9,200.00 ",,,," 2,135.00 "," 2,135.00 ",," 1,845.00 "," 1,845.00 ",," 2,135.00 "," 2,135.00 ",," 2,302.00 "," 2,302.00 ",,,,,,,
13.04.03.18,,EDB-SERVER1-2,1," 9,200.00 "," 9,200.00 "," 9,200.00 "," 9,200.00 ",,,," 11,330.00 "," 11,330.00 ",," 21,349.00 "," 21,349.00 ",," 5,135.00 "," 5,135.00 ",," 11,271.00 "," 11,271.00 ",,,,,,,
13.04.03.19,,EDB-SERVER2-2,1," 9,200.00 "," 9,200.00 "," 9,200.00 "," 9,200.00 ",,,," 7,323.00 "," 7,323.00 ",," 12,827.50 "," 12,827.50 ",," 5,135.00 "," 5,135.00 ",," 10,234.00 "," 10,234.00 ",,,,,,,
13.04.03.20,,EDB-M&E2,1," 9,200.00 "," 9,200.00 "," 9,200.00 "," 9,200.00 ",,,," 2,204.00 "," 2,204.00 ",," 1,845.00 "," 1,845.00 ",," 2,204.00 "," 2,204.00 ",," 2,302.00 "," 2,302.00 ",,,,,,,
,,,,  ,  ,  ,  ,,,,,,,,,,,,,,,,,,,,,
13.04.04,,From ESSB-LANDLORD,,  ,  ,  ,  ,,,,,,,,,,,,,,,,,,,,,
13.04.04.01,,EDB-M&E,1," 9,200.00 "," 9,200.00 "," 9,200.00 "," 9,200.00 ",,,," 2,204.00 "," 2,204.00 ",," 1,730.00 "," 1,730.00 ",," 2,204.00 "," 2,204.00 ",," 2,302.00 "," 2,302.00 ",,,,,,,
13.04.05.03,,FP-CL/01,1," 9,200.00 "," 9,200.00 "," 9,200.00 "," 9,200.00 ",,,," 4,096.00 "," 4,096.00 ",," 5,640.00 "," 5,640.00 ",," 3,597.00 "," 3,597.00 ",," 4,813.00 "," 4,813.00 ",,,,,,,
13.04.05.04,,CP-HR,1," 9,200.00 "," 9,200.00 "," 9,200.00 "," 9,200.00 ",,,,, Rate Only ,," 4,490.00 "," 4,490.00 ",," 2,947.00 "," 2,947.00 ",,, BY OTHERS ,,,,,,,
13.04.05.05,,EDB-GH1,1," 9,200.00 "," 9,200.00 "," 9,200.00 "," 9,200.00 ",,,," 2,176.00 "," 2,176.00 ",," 1,730.00 "," 1,730.00 ",," 2,176.00 "," 2,176.00 ",," 2,302.00 "," 2,302.00 ",,,,,,,
13.04.05.06,,EDB-GH2,1," 9,200.00 "," 9,200.00 "," 9,200.00 "," 9,200.00 ",,,," 2,176.00 "," 2,176.00 ",," 1,730.00 "," 1,730.00 ",," 2,176.00 "," 2,176.00 ",," 2,302.00 "," 2,302.00 ",,,,,,,
13.04.05.07,,EDB-TNB,Rate Only,  ,  ,  ,  ,,,,, Rate Only ,,, Rate Only ,,, Rate Only ,,, Rate Only ,,,,,,,
,,,,  ,  ,  ,  ,,,,,,,,,,,,,,,,,,,,,
13.04.05,,From SSB-GA,,  ,  ,  ,  ,,,,,,,,,,,,,,,,,,,,,
13.04.05.01,,DB-GA,1," 9,200.00 "," 9,200.00 "," 9,200.00 "," 9,200.00 ",,,," 4,777.00 "," 4,777.00 ",," 4,662.50 "," 4,662.50 ",," 4,778.00 "," 4,778.00 ",," 4,813.00 "," 4,813.00 ",,,,,,,
13.04.05.02,,DB-GA-MEZZ,1," 9,200.00 "," 9,200.00 "," 9,200.00 "," 9,200.00 ",,,," 2,821.00 "," 2,821.00 ",," 3,069.75 "," 3,069.75 ",," 2,824.00 "," 2,824.00 ",," 2,840.00 "," 2,840.00 ",,,,,,,
,,,,  ,  ,  ,  ,,,,,,,,,,,,,,,,,,,,,
13.04.06,,From SSB-GB,,  ,  ,  ,  ,,,,,,,,,,,,,,,,,,,,,
13.04.06.01,,DB-GB,1," 9,200.00 "," 9,200.00 "," 9,200.00 "," 9,200.00 ",,,," 4,777.00 "," 4,777.00 ",," 4,662.50 "," 4,662.50 ",," 4,778.00 "," 4,778.00 ",," 4,813.00 "," 4,813.00 ",,,,,,,
13.04.06.02,,DB-GB-MEZZ,1," 9,200.00 "," 9,200.00 "," 9,200.00 "," 9,200.00 ",,,," 2,821.00 "," 2,821.00 ",," 3,069.75 "," 3,069.75 ",," 2,824.00 "," 2,824.00 ",," 2,840.00 "," 2,840.00 ",,,,,,,
,,,,  ,  ,  ,  ,,,,,,,,,,,,,,,,,,,,,
13.04.07,,From SSB-GC,,  ,  ,  ,  ,,,,,,,,,,,,,,,,,,,,,
13.04.07.01,,DB-GC,1," 9,200.00 "," 9,200.00 "," 9,200.00 "," 9,200.00 ",,,," 4,777.00 "," 4,777.00 ",," 4,662.50 "," 4,662.50 ",," 4,778.00 "," 4,778.00 ",," 4,813.00 "," 4,813.00 ",,,,,,,
13.04.07.02,,DB-GC-MEZZ,1," 9,200.00 "," 9,200.00 "," 9,200.00 "," 9,200.00 ",,,," 2,821.00 "," 2,821.00 ",," 3,069.75 "," 3,069.75 ",," 2,824.00 "," 2,824.00 ",," 2,840.00 "," 2,840.00 ",,,,,,,
,,,,  ,  ,  ,  ,,,,,,,,,,,,,,,,,,,,,
13.04.08,,From SSB-1A,,  ,  ,  ,  ,,,,,,,,,,,,,,,,,,,,,
13.04.08.01,,DB-1A,1," 9,200.00 "," 9,200.00 "," 9,200.00 "," 9,200.00 ",,,," 4,777.00 "," 4,777.00 ",," 4,662.50 "," 4,662.50 ",," 4,778.00 "," 4,778.00 ",," 4,813.00 "," 4,813.00 ",,,,,,,
13.04.08.02,,DB-1A-MEZZ,1," 9,200.00 "," 9,200.00 "," 9,200.00 "," 9,200.00 ",,,," 2,821.00 "," 2,821.00 ",," 3,069.75 "," 3,069.75 ",," 2,824.00 "," 2,824.00 ",," 2,840.00 "," 2,840.00 ",,,,,,,
,,,,  ,  ,  ,  ,,,,,,,,,,,,,,,,,,,,,
13.04.09,,From SSB-1B,,  ,  ,  ,  ,,,,,,,,,,,,,,,,,,,,,
13.04.09.01,,DB-1B,1," 9,200.00 "," 9,200.00 "," 9,200.00 "," 9,200.00 ",,,," 4,777.00 "," 4,777.00 ",," 4,662.50 "," 4,662.50 ",," 4,778.00 "," 4,778.00 ",," 4,813.00 "," 4,813.00 ",,,,,,,
13.04.09.02,,DB-1B-MEZZ,1," 9,200.00 "," 9,200.00 "," 9,200.00 "," 9,200.00 ",,,," 2,821.00 "," 2,821.00 ",," 3,069.75 "," 3,069.75 ",," 2,824.00 "," 2,824.00 ",," 2,840.00 "," 2,840.00 ",,,,,,,
,,,,  ,  ,  ,  ,,,,,,,,,,,,,,,,,,,,,
13.04.10,,From SSB-2A,,  ,  ,  ,  ,,,,,,,,,,,,,,,,,,,,,
13.04.10.01,,DB-2A,1," 9,200.00 "," 9,200.00 "," 9,200.00 "," 9,200.00 ",,,," 4,777.00 "," 4,777.00 ",," 4,662.50 "," 4,662.50 ",," 4,778.00 "," 4,778.00 ",," 4,813.00 "," 4,813.00 ",,,,,,,
13.04.10.02,,DB-2A-MEZZ,1," 9,200.00 "," 9,200.00 "," 9,200.00 "," 9,200.00 ",,,," 2,821.00 "," 2,821.00 ",," 3,069.75 "," 3,069.75 ",," 2,824.00 "," 2,824.00 ",," 2,840.00 "," 2,840.00 ",,,,,,,
,,,,  ,  ,  ,  ,,,,,,,,,,,,,,,,,,,,,
13.04.11,,From SSB-2B,,  ,  ,  ,  ,,,,,,,,,,,,,,,,,,,,,
13.04.11.01,,DB-2B,1," 9,200.00 "," 9,200.00 "," 9,200.00 "," 9,200.00 ",,,," 4,777.00 "," 4,777.00 ",," 4,662.50 "," 4,662.50 ",," 4,778.00 "," 4,778.00 ",," 4,813.00 "," 4,813.00 ",,,,,,,
13.04.11.02,,DB-2B-MEZZ,1," 9,200.00 "," 9,200.00 "," 9,200.00 "," 9,200.00 ",,,," 2,821.00 "," 2,821.00 ",," 3,069.75 "," 3,069.75 ",," 2,824.00 "," 2,824.00 ",," 2,840.00 "," 2,840.00 ",,,,,,,
,,,,  ,  ,  ,  ,,,,,,,,,,,,,,,,,,,,,
13.04.12,,From SSB-3A,,  ,  ,  ,  ,,,,,,,,,,,,,,,,,,,,,
13.04.12.01,,DB-3A,1," 9,200.00 "," 9,200.00 "," 9,200.00 "," 9,200.00 ",,,," 4,777.00 "," 4,777.00 ",," 4,662.50 "," 4,662.50 ",," 4,778.00 "," 4,778.00 ",," 4,813.00 "," 4,813.00 ",,,,,,,
13.04.12.02,,DB-3A-MEZZ,1," 9,200.00 "," 9,200.00 "," 9,200.00 "," 9,200.00 ",,,," 2,821.00 "," 2,821.00 ",," 3,069.75 "," 3,069.75 ",," 2,824.00 "," 2,824.00 ",," 2,840.00 "," 2,840.00 ",,,,,,,
,,,,  ,  ,  ,  ,,,,,,,,,,,,,,,,,,,,,
13.04.13,,From SSB-3B,,  ,  ,  ,  ,,,,,,,,,,,,,,,,,,,,,
13.04.13.01,,DB-3A,1," 9,200.00 "," 9,200.00 "," 9,200.00 "," 9,200.00 ",,,," 4,777.00 "," 4,777.00 ",," 4,662.50 "," 4,662.50 ",," 4,778.00 "," 4,778.00 ",," 4,813.00 "," 4,813.00 ",,,,,,,
13.04.13.02,,DB-3A-MEZZ,1," 9,200.00 "," 9,200.00 "," 9,200.00 "," 9,200.00 ",,,," 2,821.00 "," 2,821.00 ",," 3,069.75 "," 3,069.75 ",," 2,824.00 "," 2,824.00 ",," 2,840.00 "," 2,840.00 ",,,,,,,
,,,,  ,  ,  ,  ,,,,,,,,,,,,,,,,,,,,,
13.05.00,,Calibration of relay for all MSB and Subswitchboards.,1,  ,  ,  ,  ,,,," 32,100.00 "," 32,100.00 ",," 60,000.00 "," 60,000.00 ",," 25,800.00 "," 25,800.00 ",," 40,250.00 "," 40,250.00 ",,,,,,,
,,,,  ,  ,  ,  ,,,,,,,,,,,,,,,,,,,,,
13.06.00,,Fireman Switch c/w Cabling for Item 13.00.00,1,  ,  ,  ,  ,,,," 20,000.00 "," 20,000.00 ",," 60,000.00 "," 60,000.00 ",," 32,000.00 "," 32,000.00 ",, 863.00 ," 12,082.00 ",,,,,,,
,,,,  ,  ,  ,  ,,,,,,,,,,,,,,,,,,,,,
13.07.00,,Any other works not included above for the efficient functioning of the system.(To be detailed by tenderer),,  ,  ,  ,  ,,,,,,,,,,,,,,,,,,,,,
,,,,  ,  ,  ,  ,,,,,,," 198,050.00 "," 198,050.00 ",,,,," 2,564.00 "," 69,228.00 ",,,,,,,
,,,,  ,  ,  ,  ,,,,,,,,,,,,,,,,,,,,,
,,"Total 13.00.00 To Be Carried Forward
To Summary of Tender Prices",,," 3,224,600.00 ",," 3,224,600.00 ",,, -   ,," 2,292,863.00 ",,," 3,291,584.25 ",,," 1,993,451.00 ",,," 2,538,702.00 ",,, -   ,,, -   ,
,,,,  ,  ,  ,  ,,,,,,,,,,,,,,,,,,,,,
14.00.00,,"SUBMAIN CABLE

To supply, deliver, unloading and installation of  submain cabling inclusive of tap off units/ trunking / conduit / junction box / cable tray / cable trunking /underground ducting, bracket, support, earth continuity termination and other accessories as per specification and drawings. ",,  ,  ,  ,  ,,,,,,,,,,,,,,,,,,,,,
,,,,  ,  ,  ,  ,,,,,,,,,,,,,,,,,,,,,
14.01.00,,ESSENTIAL SUBMAIN,,  ,  ,  ,  ,,,,,,,,,,,,,,,,,,,,,
,,,,  ,  ,  ,  ,,,,,,,,,,,,,,,,,,,,,
14.01.01,,From Genset,,  ,  ,  ,  ,,,,,,,,,,,,,,,,,,,,,
14.01.01.01,,"From Genset 1 to AMF                                                          
2000A 4P TPN Aluminium FR Bus Duct (IP55)                Approximate length: 10m",10,  ,  ,  ,  ,,,," 3,456.90 "," 34,569.00 ",," 2,032.50 "," 20,325.00 ",," 2,311.00 "," 23,110.00 ",," 2,731.00 "," 27,310.00 ",,,,,,,
14.01.01.02,,"From Genset 2 to AMF                                                         
2000A 4P TPN Aluminium FR Bus Duct (IP55)                    Approximate length: 10m",10,  ,  ,  ,  ,,,," 3,456.90 "," 34,569.00 ",," 2,032.50 "," 20,325.00 ",," 2,311.00 "," 23,110.00 ",," 2,731.00 "," 27,310.00 ",,,,,,,
14.01.01.03,,"From AMF to EMSB-ASRS                                                          
3500A 4P TPN Aluminium FR Bus Duct (IP55)                   Approximate length: 20m",50,  ,  ,  ,  ,,,," 4,067.76 "," 203,388.00 ",," 2,527.50 "," 126,375.00 ",," 2,742.00 "," 137,100.00 ",," 2,548.00 "," 127,400.00 ",,,,,,,
14.01.01.01,,"From Genset 3 to AMF                                                          
2000A 4P TPN Aluminium FR Bus Duct (IP55)                Approximate length: 10m",10,  ,  ,  ,  ,,,," 3,456.90 "," 34,569.00 ",," 2,032.50 "," 20,325.00 ",," 2,311.00 "," 23,110.00 ",," 2,731.00 "," 27,310.00 ",,,,,,,
14.01.01.02,,"From Genset 4 to AMF                                                         
2000A 4P TPN Aluminium FR Bus Duct (IP55)                    Approximate length: 10m",10,  ,  ,  ,  ,,,," 3,456.90 "," 34,569.00 ",," 2,032.50 "," 20,325.00 ",," 2,311.00 "," 23,110.00 ",," 2,731.00 "," 27,310.00 ",,,,,,,
14.01.01.03,,"From AMF to EMSB-COLDROOM                                                       
5000A 4P TPN Aluminium FR Bus Duct (IP55)                   Approximate length: 20m",50,  ,  ,  ,  ,,,," 5,094.44 "," 254,722.00 ",," 3,597.50 "," 179,875.00 ",," 3,336.00 "," 166,800.00 ",," 4,811.00 "," 240,550.00 ",,,,,,,
14.01.01.01,,"From Genset 5 to AMF                                                          
2000A 4P TPN Aluminium FR Bus Duct (IP55)                Approximate length: 10m",10,  ,  ,  ,  ,,,," 3,456.90 "," 34,569.00 ",," 2,032.50 "," 20,325.00 ",," 2,311.00 "," 23,110.00 ",," 2,731.00 "," 27,310.00 ",,,,,,,
14.01.01.02,,"From Genset 2 to AMF                                                         
2000A 4P TPN Aluminium FR Bus Duct (IP55)                    Approximate length: 10m",10,  ,  ,  ,  ,,,," 3,456.90 "," 34,569.00 ",," 2,032.50 "," 20,325.00 ",," 2,311.00 "," 23,110.00 ",," 2,731.00 "," 27,310.00 ",,,,,,,
14.01.01.03,,"From AMF to EMSB-LANDLORD                                                         
2500A 4P TPN Aluminium FR Bus Duct (IP55)                   Approximate length: 50m",50,  ,  ,  ,  ,,,," 4,439.00 "," 221,950.00 ",," 2,082.50 "," 104,125.00 ",," 2,578.00 "," 128,900.00 ",," 2,379.00 "," 118,950.00 ",,,,,,,
,,,,  ,  ,  ,  ,,,,,,,,,,,,,,,,,,,,,
14.01.02,,From MSB,,  ,  ,  ,  ,,,,,,,,,,,,,,,,,,,,,
14.01.02.01,,"From MSB-LANDLORD to EMSB-LANDLORD                                                          
3 sets 4 x 1C 630mm≤ AL FR ECC on tray/metal trunking",10,  ,  ,  ,  ,,,, 960.00 ," 9,600.00 ",," 1,262.75 "," 12,627.50 ",," 3,402.00 "," 34,020.00 ",," 1,503.00 "," 15,030.00 ",,,,,,,
,,,,  ,  ,  ,  ,,,,,,,,,,,,,,,,,,,,,
14.02.00,,ASRS,,  ,  ,  ,  ,,,,,,,,,,,,,,,,,,,,,
,,,,  ,  ,  ,  ,,,,,,,,,,,,,,,,,,,,,
14.02.01,,From EMSB-ASRS to ,,  ,  ,  ,  ,,,,,,,,,,,,,,,,,,,,,
14.02.01.01,,"Essential Cable Riser (Level G - Level 2)
4 sets 4 x 1C 600mm≤ AL FR + ECC on tray/metal trunking",180,  ,  ,  ,  ,,,," 1,280.00 "," 230,400.00 ",," 1,670.25 "," 300,645.00 ",," 4,360.00 "," 784,800.00 ",," 2,061.00 "," 370,980.00 ",,,,,,,
14.02.01.02,,"CP-ASRS
4 set 4 x 1C 600mm≤ AL FR + ECC on tray/metal trunking",140,  ,  ,  ,  ,,,," 1,280.00 "," 179,200.00 ",," 1,670.25 "," 233,835.00 ",," 4,360.00 "," 610,400.00 ",," 2,061.00 "," 288,540.00 ",,,,,,,
14.02.01.03,,"EDB-SERVER1-1
4 x 1C 150mm≤ AL FR + ECC on tray/metal trunking",210,  ,  ,  ,  ,,,, 152.00 ," 31,920.00 ",, 179.25 ," 37,642.50 ",, 260.00 ," 54,600.00 ",, 225.00 ," 47,250.00 ",,,,,,,
14.02.01.04,,"EDB-SERVER2-1
4 x 1C 50mm≤ AL FR + ECC on tray/metal trunking",185,  ,  ,  ,  ,,,, 116.00 ," 21,460.00 ",, 104.05 ," 19,249.25 ",, 87.00 ," 16,095.00 ",, 277.00 ," 51,245.00 ",,,,,,,
,,,,  ,  ,  ,  ,,,,,,,,,,,,,,,,,,,,,
14.02.02,,From EMSB-ASRS Cable Riser to,,  ,  ,  ,  ,,,,,,,,,,,,,,,,,,,,,
14.02.02.01,,"EDB-ASRS-GF (400A TPN TOU)
4 x 1C 300mm≤ AL FR + ECC on cable tray/metal trunking c/w 400A TOU",10,  ,  ,  ,  ,,,, 208.00 ," 2,080.00 ",, 245.25 ," 2,452.50 ",, 540.00 ," 5,400.00 ",, 374.00 ," 3,740.00 ",,,,,,,
14.02.02.02,,"EDB-ASRS-1F (400A TPN TOU)
4 x 1C 300mm≤ AL FR + ECC on cable tray/metal trunking c/w 400A TOU",10,  ,  ,  ,  ,,,, 208.00 ," 2,080.00 ",, 245.25 ," 2,452.50 ",, 540.00 ," 5,400.00 ",, 374.00 ," 3,740.00 ",,,,,,,
14.02.02.03,,"EDB-ASRS-2F (400A TPN TOU)
4 x 1C 300mm≤ AL FR + ECC on cable tray/metal trunking c/w 400A TOU",10,  ,  ,  ,  ,,,, 208.00 ," 2,080.00 ",, 245.25 ," 2,452.50 ",, 540.00 ," 5,400.00 ",, 374.00 ," 3,740.00 ",,,,,,,
,,,,  ,  ,  ,  ,,,,,,,,,,,,,,,,,,,,,
14.03.00,,LANDLORD,,  ,  ,  ,  ,,,,,,,,,,,,,,,,,,,,,
,,,,  ,  ,  ,  ,,,,,,,,,,,,,,,,,,,,,
14.03.01,,From MSB-LANDLORD to ,,  ,  ,  ,  ,,,,,,,,,,,,,,,,,,,,,
,,,,  ,  ,  ,  ,,,,,,,,,,,,,,,,,,,,,
14.03.01.01,,"Cable Riser 1 (Level G - Level 3)
4 x 1C 95mm≤ AL XLPE/PVC + ECC on tray/metal trunking",145,  ,  ,  ,  ,,,, 108.00 ," 15,660.00 ",, 117.50 ," 17,037.50 ",, 165.00 ," 23,925.00 ",, 140.00 ," 20,300.00 ",,,,,,,
14.03.01.02,,"Cable Riser 2 (Level G - Level 3)
4 x 1C 95mm≤ AL XLPE/PVC + ECC on tray/metal trunking",220,  ,  ,  ,  ,,,, 108.00 ," 23,760.00 ",, 117.50 ," 25,850.00 ",, 165.00 ," 36,300.00 ",, 140.00 ," 30,800.00 ",,,,,,,
14.03.01.03,,"Cable Riser 3 (Level G - Level 3)
4 x 1C 95mm≤ AL XLPE/PVC + ECC on tray/metal trunking",70,  ,  ,  ,  ,,,, 108.00 ," 7,560.00 ",, 117.50 ," 8,225.00 ",, 165.00 ," 11,550.00 ",, 140.00 ," 9,800.00 ",,,,,,,
14.03.01.04,,"DB-CANTEEN
4 x 1C 35mm≤ CU XLPE/PVC + ECC on tray/metal trunking",190,  ,  ,  ,  ,,,, 160.00 ," 30,400.00 ",, 137.75 ," 26,172.50 ",, 134.00 ," 25,460.00 ",, 173.00 ," 32,870.00 ",,,,,,,
14.03.01.05,,"DB-MANAGEMENT
4 x 1C 35mm≤ CU XLPE/PVC + ECC on tray/metal trunking",200,  ,  ,  ,  ,,,, 160.00 ," 32,000.00 ",, 137.75 ," 27,550.00 ",, 134.00 ," 26,800.00 ",, 173.00 ," 34,600.00 ",,,,,,,
14.03.01.06,,"DB-EV
4 x 1C 150mm≤ AL XLPE/SWA/PVC + ECC on tray/metal trunking/in ducting",200,  ,  ,  ,  ,,,, 160.00 ," 32,000.00 ",, 156.25 ," 31,250.00 ",, 216.00 ," 43,200.00 ",, 269.00 ," 53,800.00 ",,,,,,,
,,,,  ,  ,  ,  ,,,,,,,,,,,,,,,,,,,,,
14.03.02,,From MSB-LANDLORD Cable Riser 1 to,,  ,  ,  ,  ,,,,,,,,,,,,,,,,,,,,,
14.03.02.01,,"DB-GF-1 (30A TPN TOU)
4 x 1C 6mm≤ CU XLPE/PVC + ECC on cable tray/metal trunking c/w 400A TOU",10,  ,  ,  ,  ,,,, 96.00 , 960.00 ,, 58.00 , 580.00 ,, 36.00 , 360.00 ,, 56.00 , 560.00 ,,,,,,,
14.03.02.02,,"DB-1F-1 (30A TPN TOU)
4 x 1C 6mm≤ CU XLPE/PVC + ECC on cable tray/metal trunking c/w 400A TOU",10,  ,  ,  ,  ,,,, 96.00 , 960.00 ,, 58.00 , 580.00 ,, 36.00 , 360.00 ,, 56.00 , 560.00 ,,,,,,,
14.03.02.03,,"DB-2F-1 (30A TPN TOU)
4 x 1C 6mm≤ CU XLPE/PVC + ECC on cable tray/metal trunking c/w 400A TOU",10,  ,  ,  ,  ,,,, 96.00 , 960.00 ,, 58.00 , 580.00 ,, 36.00 , 360.00 ,, 56.00 , 560.00 ,,,,,,,
14.03.02.04,,"DB-3F-1 (30A TPN TOU)
4 x 1C 6mm≤ CU XLPE/PVC + ECC on cable tray/metal trunking c/w 400A TOU",10,  ,  ,  ,  ,,,, 96.00 , 960.00 ,, 58.00 , 580.00 ,, 36.00 , 360.00 ,, 56.00 , 560.00 ,,,,,,,
,,,,  ,  ,  ,  ,,,,,,,,,,,,,,,,,,,,,
14.03.03,,From MSB-LANDLORD Cable Riser 2 to,,  ,  ,  ,  ,,,,,,,,,,,,,,,,,,,,,
14.03.03.01,,"DB-GF-2 (30A TPN TOU)
4 x 1C 6mm≤ CU XLPE/PVC + ECC on cable tray/metal trunking c/w 400A TOU",10,  ,  ,  ,  ,,,, 96.00 , 960.00 ,, 58.00 , 580.00 ,, 36.00 , 360.00 ,, 56.00 , 560.00 ,,,,,,,
14.03.03.02,,"DB-1F-2 (30A TPN TOU)
4 x 1C 6mm≤ CU XLPE/PVC + ECC on cable tray/metal trunking c/w 400A TOU",10,  ,  ,  ,  ,,,, 96.00 , 960.00 ,, 58.00 , 580.00 ,, 36.00 , 360.00 ,, 56.00 , 560.00 ,,,,,,,
14.03.03.03,,"DB-2F-2 (30A TPN TOU)
4 x 1C 6mm≤ CU XLPE/PVC + ECC on cable tray/metal trunking c/w 400A TOU",10,  ,  ,  ,  ,,,, 96.00 , 960.00 ,, 58.00 , 580.00 ,, 36.00 , 360.00 ,, 56.00 , 560.00 ,,,,,,,
14.03.03.04,,"DB-3F-2 (30A TPN TOU)
4 x 1C 6mm≤ CU XLPE/PVC + ECC on cable tray/metal trunking c/w 400A TOU",10,  ,  ,  ,  ,,,, 96.00 , 960.00 ,, 58.00 , 580.00 ,, 36.00 , 360.00 ,, 56.00 , 560.00 ,,,,,,,
,,,,  ,  ,  ,  ,,,,,,,,,,,,,,,,,,,,,
14.03.04,,From MSB-LANDLORD Cable Riser 3 to,,  ,  ,  ,  ,,,,,,,,,,,,,,,,,,,,,
14.03.04.01,,"DB-GF-3 (30A TPN TOU)
4 x 1C 6mm≤ CU XLPE/PVC + ECC on cable tray/metal trunking c/w 400A TOU",10,  ,  ,  ,  ,,,, 96.00 , 960.00 ,, 58.00 , 580.00 ,, 36.00 , 360.00 ,, 56.00 , 560.00 ,,,,,,,
14.03.04.02,,"DB-1F-3 (30A TPN TOU)
4 x 1C 6mm≤ CU XLPE/PVC + ECC on cable tray/metal trunking c/w 400A TOU",10,  ,  ,  ,  ,,,, 96.00 , 960.00 ,, 58.00 , 580.00 ,, 36.00 , 360.00 ,, 56.00 , 560.00 ,,,,,,,
14.03.04.03,,"DB-2F-3 (30A TPN TOU)
4 x 1C 6mm≤ CU XLPE/PVC + ECC on cable tray/metal trunking c/w 400A TOU",10,  ,  ,  ,  ,,,, 96.00 , 960.00 ,, 58.00 , 580.00 ,, 36.00 , 360.00 ,, 56.00 , 560.00 ,,,,,,,
14.03.04.04,,"DB-3F-3 (30A TPN TOU)
4 x 1C 6mm≤ CU XLPE/PVC + ECC on cable tray/metal trunking c/w 400A TOU",10,  ,  ,  ,  ,,,, 96.00 , 960.00 ,, 58.00 , 580.00 ,, 36.00 , 360.00 ,, 56.00 , 560.00 ,,,,,,,
,,,,  ,  ,  ,  ,,,,,,,,,,,,,,,,,,,,,
14.03.05,,From EMSB-LANDLORD to ,,  ,  ,  ,  ,,,,,,,,,,,,,,,,,,,,,
,,,,  ,  ,  ,  ,,,,,,,,,,,,,,,,,,,,,
14.03.05.01,,"Cable Riser 1 (Level G - Level 3)
4 x 1C 150mm≤ AL FR + ECC on tray/metal trunking",145,  ,  ,  ,  ,,,, 152.00 ," 22,040.00 ",, 167.75 ," 24,323.75 ",, 260.00 ," 37,700.00 ",, 225.00 ," 32,625.00 ",,,,,,,
14.03.05.02,,"Cable Riser 2 (Level G - Level 3)
4 x 1C 240mm≤ AL FR + ECC on tray/metal trunking",220,  ,  ,  ,  ,,,, 188.00 ," 41,360.00 ",, 212.25 ," 46,695.00 ",, 415.00 ," 91,300.00 ",, 304.00 ," 66,880.00 ",,,,,,,
14.03.05.03,,"Cable Riser 3 (Level G - Level 3)
4 x 1C 70mm≤ AL FR + ECC on tray/metal trunking",70,  ,  ,  ,  ,,,, 124.00 ," 8,680.00 ",, 114.80 ," 8,036.00 ",, 122.00 ," 8,540.00 ",, 164.00 ," 11,480.00 ",,,,,,,
14.03.05.04,,"EDB-RAMP
4 x 1C 06mm≤ CU FR + ECC on tray/metal trunking",20,  ,  ,  ,  ,,,, 140.00 ," 2,800.00 ",, 69.50 ," 1,390.00 ",, 54.00 ," 1,080.00 ",, 65.00 ," 1,300.00 ",,,,,,,
14.03.05.05,,"EDB-M&E1
4 x 1C 10mm≤ CU FR + ECC on tray/metal trunking",20,  ,  ,  ,  ,,,, 116.00 ," 2,320.00 ",, 86.00 ," 1,720.00 ",, 75.00 ," 1,500.00 ",, 87.00 ," 1,740.00 ",,,,,,,
14.03.05.06,,"FP-CL/02
4 x 1C 10mm≤ CU XLPE/SWA/PVC + ECC on tray/metal trunking/in ducting",100,  ,  ,  ,  ,,,, 144.00 ," 14,400.00 ",, 86.00 ," 8,600.00 ",, 55.00 ," 5,500.00 ",, 75.00 ," 7,500.00 ",,,,,,,
14.03.05.07,,"EDB-CONTROL
4 x 1C 06mm≤ CU FR + ECC on tray/metal trunking",110,  ,  ,  ,  ,,,, 140.00 ," 15,400.00 ",, 69.50 ," 7,645.00 ",, 54.00 ," 5,940.00 ",, 65.00 ," 7,150.00 ",,,,,,,
14.03.05.08,,"EDB-MDF
4 x 1C 16mm≤ CU FR + ECC on tray/metal trunking",210,  ,  ,  ,  ,,,, 140.00 ," 29,400.00 ",, 109.00 ," 22,890.00 ",, 88.00 ," 18,480.00 ",, 109.00 ," 22,890.00 ",,,,,,,
14.03.05.09,,"EDB-SERVER1-2
4 x 1C 185mm≤ AL FR + ECC on tray/metal trunking",210,  ,  ,  ,  ,,,, 168.00 ," 35,280.00 ",, 184.25 ," 38,692.50 ",, 320.00 ," 67,200.00 ",, 259.00 ," 54,390.00 ",,,,,,,
14.03.05.10,,"EDB-SERVER2-2
4 x 1C 50mm≤ CU FR + ECC on tray/metal trunking",185,  ,  ,  ,  ,,,, 232.00 ," 42,920.00 ",, 251.25 ," 46,481.25 ",, 248.00 ," 45,880.00 ",, 277.00 ," 51,245.00 ",,,,,,,
14.03.05.11,,"EDB-CONTROL
4 x 1C 06mm≤ CU FR + ECC on tray/metal trunking",110,  ,  ,  ,  ,,,, 140.00 ," 15,400.00 ",, 63.75 ," 7,012.50 ",, 88.00 ," 9,680.00 ",, 65.00 ," 7,150.00 ",,,,,,,
14.03.05.12,,"EDB-MDF
4 x 1C 16mm≤ CU FR + ECC on tray/metal trunking",210,  ,  ,  ,  ,,,, 140.00 ," 29,400.00 ",, 109.00 ," 22,890.00 ",, 88.00 ," 18,480.00 ",, 109.00 ," 22,890.00 ",,,,,,,
14.03.05.13,,"EDB-SERVER1-2
4 x 1C 185mm≤ AL FR + ECC on tray/metal trunking",210,  ,  ,  ,  ,,,, 168.00 ," 35,280.00 ",, 184.25 ," 38,692.50 ",, 320.00 ," 67,200.00 ",, 259.00 ," 54,390.00 ",,,,,,,
14.03.05.14,,"EDB-SERVER2-2
4 x 1C 50mm≤ CU FR + ECC on tray/metal trunking",185,  ,  ,  ,  ,,,, 232.00 ," 42,920.00 ",, 251.25 ," 46,481.25 ",, 248.00 ," 45,880.00 ",, 277.00 ," 51,245.00 ",,,,,,,
14.03.05.15,,"CP-CWP1
4 x 1C 10mm≤ CU FR + ECC on tray/metal trunking",50,  ,  ,  ,  ,,,, 116.00 ," 5,800.00 ",, 86.00 ," 4,300.00 ",, 65.00 ," 3,250.00 ",, 87.00 ," 4,350.00 ",,,,,,,
14.03.05.16,,"CP-CWP2
4 x 1C 10mm≤ CU FR + ECC on tray/metal trunking",185,  ,  ,  ,  ,,,, 116.00 ," 21,460.00 ",, 86.00 ," 15,910.00 ",, 65.00 ," 12,025.00 ",, 87.00 ," 16,095.00 ",,,,,,,
14.03.05.17,,"EDB-M&E2
4 x 1C 10mm≤ CU FR + ECC on tray/metal trunking",120,  ,  ,  ,  ,,,, 116.00 ," 13,920.00 ",, 86.00 ," 10,320.00 ",, 65.00 ," 7,800.00 ",, 87.00 ," 10,440.00 ",,,,,,,
14.03.05.18,,"ESSB-LANDLORD
4 x 1C 150mm≤ AL XLPE/SWA/PVC + ECC on tray/metal trunking/in ducting",200,  ,  ,  ,  ,,,, 160.00 ," 32,000.00 ",, 156.25 ," 31,250.00 ",, 223.00 ," 44,600.00 ",, 269.00 ," 53,800.00 ",,,,,,,
14.03.05.19,,"MCC-CHILLER-1
2 SETS 4 x 1C 400mm≤ AL FR + ECC on tray/metal trunking",120,  ,  ,  ,  ,,,, 472.00 ," 56,640.00 ",, 619.75 ," 74,370.00 ",," 1,384.00 "," 166,080.00 ",, 851.00 ," 102,120.00 ",,,,,,,
14.03.05.20,,"MCC-CHILLER-2
2 SETS 4 x 1C 400mm≤ AL FR + ECC on tray/metal trunking",120,  ,  ,  ,  ,,,, 472.00 ," 56,640.00 ",, 619.75 ," 74,370.00 ",," 1,384.00 "," 166,080.00 ",, 851.00 ," 102,120.00 ",,,,,,,
14.03.05.21,,"FIRE LIFT 1
4 x 1C 10mm≤ CU FR + ECC on tray/metal trunking",145,  ,  ,  ,  ,,,, 116.00 ," 16,820.00 ",, 86.00 ," 12,470.00 ",, 65.00 ," 9,425.00 ",, 87.00 ," 12,615.00 ",,,,,,,
14.03.05.22,,"FIRE LIFT 2
4 x 1C 10mm≤ CU FR + ECC on tray/metal trunking",220,  ,  ,  ,  ,,,, 116.00 ," 25,520.00 ",, 86.00 ," 18,920.00 ",, 65.00 ," 14,300.00 ",, 87.00 ," 19,140.00 ",,,,,,,
14.03.05.23,,"FIRE LIFT 3
4 x 1C 16mm≤ CU FR + ECC on tray/metal trunking",70,  ,  ,  ,  ,,,, 140.00 ," 9,800.00 ",, 109.00 ," 7,630.00 ",, 88.00 ," 6,160.00 ",, 109.00 ," 7,630.00 ",,,,,,,
14.03.05.24,,"FIRE LIFT 4
4 x 1C 16mm≤ CU FR + ECC on tray/metal trunking",220,  ,  ,  ,  ,,,, 140.00 ," 30,800.00 ",, 109.00 ," 23,980.00 ",, 88.00 ," 19,360.00 ",, 109.00 ," 23,980.00 ",,,,,,,
14.03.05.25,,"GOODS LIFT 1
4 x 1C 25mm≤ CU FR + ECC on tray/metal trunking",145,  ,  ,  ,  ,,,, 168.00 ," 24,360.00 ",, 137.75 ," 19,973.75 ",, 125.00 ," 18,125.00 ",, 140.00 ," 20,300.00 ",,,,,,,
14.03.05.26,,"GOODS LIFT 2
4 x 1C 35mm≤ CU FR + ECC on tray/metal trunking",220,  ,  ,  ,  ,,,, 196.00 ," 43,120.00 ",, 200.25 ," 44,055.00 ",, 175.00 ," 38,500.00 ",, 189.00 ," 41,580.00 ",,,,,,,
14.03.05.27,,"CP-SSF
4 x 1C 240mm≤ AL FR + ECC on tray/metal trunking",,  ,  ,  ,  ,,,, 188.00 , rate only ,, 229.50 , -   ,,, -   ,, 304.00 ," 15,200.00 ",,,,,,,
14.03.05.28,,"CP-SSF
4 x 1C 240mm≤ AL FR + ECC on tray/metal trunking",,  ,  ,  ,  ,,,, 188.00 , rate only ,, 229.50 , -   ,,, -   ,, 304.00 ," 15,200.00 ",,,,,,,
14.03.05.29,,"CP-SSF
4 x 1C 240mm≤ AL FR + ECC on tray/metal trunking",,  ,  ,  ,  ,,,, 188.00 , rate only ,, 229.50 , -   ,,, -   ,, 304.00 ," 15,200.00 ",,,,,,,
14.03.05.30,,"CP-SSF
4 x 1C 240mm≤ AL FR + ECC on tray/metal trunking",,  ,  ,  ,  ,,,, 188.00 , rate only ,, 229.50 , -   ,,, -   ,, 304.00 ," 15,200.00 ",,,,,,,
14.03.05.31,,"CP-SSF
4 x 1C 240mm≤ AL FR + ECC on tray/metal trunking",,  ,  ,  ,  ,,,, 188.00 , rate only ,, 229.50 , -   ,,, -   ,, 304.00 ," 15,200.00 ",,,,,,,
14.03.05.32,,"CP-SSF
4 x 1C 240mm≤ AL FR + ECC on tray/metal trunking",,  ,  ,  ,  ,,,, 188.00 , rate only ,, 229.50 , -   ,,, -   ,, 304.00 ," 15,200.00 ",,,,,,,
14.03.05.33,,"CP-SSF
4 x 1C 240mm≤ AL FR + ECC on tray/metal trunking",,  ,  ,  ,  ,,,, 188.00 , rate only ,, 229.50 , -   ,,, -   ,, 304.00 ," 15,200.00 ",,,,,,,
14.03.05.34,,"CP-SSF
4 x 1C 240mm≤ AL FR + ECC on tray/metal trunking",,  ,  ,  ,  ,,,, 188.00 , rate only ,, 229.50 , -   ,,, -   ,, 304.00 ," 15,200.00 ",,,,,,,
14.03.05.35,,"CP-SSF
4 x 1C 240mm≤ AL FR + ECC on tray/metal trunking",,  ,  ,  ,  ,,,, 188.00 , rate only ,, 229.50 , -   ,,, -   ,, 304.00 ," 15,200.00 ",,,,,,,
14.03.05.36,,"CP-SSF
4 x 1C 240mm≤ AL FR + ECC on tray/metal trunking",,  ,  ,  ,  ,,,, 188.00 , rate only ,, 229.50 , -   ,,, -   ,, 304.00 ," 15,200.00 ",,,,,,,
14.03.05.37,,"CP-SSF
4 x 1C 240mm≤ AL FR + ECC on tray/metal trunking",,  ,  ,  ,  ,,,, 188.00 , rate only ,, 229.50 , -   ,,, -   ,, 304.00 ," 15,200.00 ",,,,,,,
14.03.05.38,,"CP-SSF
4 x 1C 240mm≤ AL FR + ECC on tray/metal trunking",,  ,  ,  ,  ,,,, 188.00 , rate only ,, 229.50 , -   ,,, -   ,, 304.00 ," 15,200.00 ",,,,,,,
14.03.05.39,,"CP-SSF
4 x 1C 240mm≤ AL FR + ECC on tray/metal trunking",,  ,  ,  ,  ,,,, 188.00 , rate only ,, 229.50 , -   ,,, -   ,, 304.00 ," 15,200.00 ",,,,,,,
14.03.05.40,,"CP-SSF
4 x 1C 240mm≤ AL FR + ECC on tray/metal trunking",,  ,  ,  ,  ,,,, 188.00 , rate only ,, 229.50 , -   ,,, -   ,, 304.00 ," 15,200.00 ",,,,,,,
14.03.05.41,,"CP-SSF
4 x 1C 240mm≤ AL FR + ECC on tray/metal trunking",,  ,  ,  ,  ,,,, 188.00 , rate only ,, 229.50 , -   ,,, -   ,, 304.00 ," 15,200.00 ",,,,,,,
14.03.05.42,,"CP-PRF
4 x 1C 10mm≤ CU FR + ECC on tray/metal trunking",,  ,  ,  ,  ,,,, 188.00 , rate only ,, 86.00 , -   ,,, -   ,, 87.00 ," 4,350.00 ",,,,,,,
14.03.05.43,,"CP-PRF
4 x 1C 10mm≤ CU FR + ECC on tray/metal trunking",,  ,  ,  ,  ,,,, 188.00 , rate only ,, 86.00 , -   ,,, -   ,, 87.00 ," 4,350.00 ",,,,,,,
14.03.05.44,,"CP-PRF
4 x 1C 10mm≤ CU FR + ECC on tray/metal trunking",,  ,  ,  ,  ,,,, 188.00 , rate only ,, 86.00 , -   ,,, -   ,, 87.00 ," 4,350.00 ",,,,,,,
14.03.05.45,,"CP-PRF
4 x 1C 10mm≤ CU FR + ECC on tray/metal trunking",,  ,  ,  ,  ,,,, 188.00 , rate only ,, 86.00 , -   ,,, -   ,, 87.00 ," 4,350.00 ",,,,,,,
14.03.05.46,,"CP-PRF
4 x 1C 10mm≤ CU FR + ECC on tray/metal trunking",,  ,  ,  ,  ,,,, 188.00 , rate only ,, 86.00 , -   ,,, -   ,, 87.00 ," 4,350.00 ",,,,,,,
,,,,  ,  ,  ,  ,,,,,,,,,,,,,,,,,,,,,
14.03.06,,From EMSB-LANDLORD Cable Riser 1 to,,  ,  ,  ,  ,,,,,,,,,,,,,,,,,,,,,
14.03.06.01,,"EDB-GF-1 (30A TPN TOU)
4 x 1C 6mm≤ CU FR + ECC on cable tray/metal trunking c/w 400A TOU",10,  ,  ,  ,  ,,,, 104.00 ," 1,040.00 ",, 69.50 , 695.00 ,, 54.00 , 540.00 ,, 65.00 , 650.00 ,,,,,,,
14.03.06.02,,"EDB-1F-1 (30A TPN TOU)
4 x 1C 6mm≤ CU FR + ECC on cable tray/metal trunking c/w 400A TOU",10,  ,  ,  ,  ,,,, 104.00 ," 1,040.00 ",, 69.50 , 695.00 ,, 54.00 , 540.00 ,, 65.00 , 650.00 ,,,,,,,
14.03.06.03,,"EDB-2F-1 (30A TPN TOU)
4 x 1C 6mm≤ CU FR + ECC on cable tray/metal trunking c/w 400A TOU",10,  ,  ,  ,  ,,,, 104.00 ," 1,040.00 ",, 69.50 , 695.00 ,, 54.00 , 540.00 ,, 65.00 , 650.00 ,,,,,,,
14.03.06.04,,"EDB-3F-1 (30A TPN TOU)
4 x 1C 6mm≤ CU FR + ECC on cable tray/metal trunking c/w 400A TOU",10,  ,  ,  ,  ,,,, 104.00 ," 1,040.00 ",, 69.50 , 695.00 ,, 54.00 , 540.00 ,, 65.00 , 650.00 ,,,,,,,
,,,,  ,  ,  ,  ,,,,,,,,,,,,,,,,,,,,,
14.03.07,,From EMSB-LANDLORD Cable Riser 2 to,,  ,  ,  ,  ,,,,,,,,,,,,,,,,,,,,,
14.03.07.01,,"EDB-GF-2 (30A TPN TOU)
4 x 1C 6mm≤ CU FR + ECC on cable tray/metal trunking c/w 400A TOU",10,  ,  ,  ,  ,,,, 104.00 ," 1,040.00 ",, 69.50 , 695.00 ,, 54.00 , 540.00 ,, 65.00 , 650.00 ,,,,,,,
14.03.07.02,,"EDB-1F-2 (30A TPN TOU)
4 x 1C 6mm≤ CU FR + ECC on cable tray/metal trunking c/w 400A TOU",10,  ,  ,  ,  ,,,, 104.00 ," 1,040.00 ",, 69.50 , 695.00 ,, 54.00 , 540.00 ,, 65.00 , 650.00 ,,,,,,,
14.03.07.03,,"EDB-2F-2 (30A TPN TOU)
4 x 1C 6mm≤ CU FR + ECC on cable tray/metal trunking c/w 400A TOU",10,  ,  ,  ,  ,,,, 104.00 ," 1,040.00 ",, 69.50 , 695.00 ,, 54.00 , 540.00 ,, 65.00 , 650.00 ,,,,,,,
14.03.07.04,,"EDB-3F-2 (30A TPN TOU)
4 x 1C 6mm≤ CU FR + ECC on cable tray/metal trunking c/w 400A TOU",10,  ,  ,  ,  ,,,, 104.00 ," 1,040.00 ",, 69.50 , 695.00 ,, 54.00 , 540.00 ,, 65.00 , 650.00 ,,,,,,,
,,,,  ,  ,  ,  ,,,,,,,,,,,,,,,,,,,,,
14.03.08,,From EMSB-LANDLORD Cable Riser 3 to,,  ,  ,  ,  ,,,,,,,,,,,,,,,,,,,,,
14.03.08.01,,"EDB-GF-3 (30A TPN TOU)
4 x 1C 6mm≤ CU FR + ECC on cable tray/metal trunking c/w 400A TOU",10,  ,  ,  ,  ,,,, 104.00 ," 1,040.00 ",, 69.50 , 695.00 ,, 54.00 , 540.00 ,, 65.00 , 650.00 ,,,,,,,
14.03.08.02,,"EDB-1F-3 (30A TPN TOU)
4 x 1C 6mm≤ CU FR + ECC on cable tray/metal trunking c/w 400A TOU",10,  ,  ,  ,  ,,,, 104.00 ," 1,040.00 ",, 69.50 , 695.00 ,, 54.00 , 540.00 ,, 65.00 , 650.00 ,,,,,,,
14.03.08.03,,"EDB-2F-3 (30A TPN TOU)
4 x 1C 6mm≤ CU FR + ECC on cable tray/metal trunking c/w 400A TOU",10,  ,  ,  ,  ,,,, 104.00 ," 1,040.00 ",, 69.50 , 695.00 ,, 54.00 , 540.00 ,, 65.00 , 650.00 ,,,,,,,
14.03.08.04,,"EDB-3F-3 (30A TPN TOU)
4 x 1C 6mm≤ CU FR + ECC on cable tray/metal trunking c/w 400A TOU",10,  ,  ,  ,  ,,,, 104.00 ," 1,040.00 ",, 69.50 , 695.00 ,, 54.00 , 540.00 ,, 65.00 , 650.00 ,,,,,,,
,,,,  ,  ,  ,  ,,,,,,,,,,,,,,,,,,,,,
14.03.09,,From ESSB-LANDLORD to ,,  ,  ,  ,  ,,,,,,,,,,,,,,,,,,,,,
14.03.09.01,,"EDB-M&E
4 x 1C 10mm≤ CU XLPE/SWA/PVC + ECC on tray/metal trunking/in ducting",10,  ,  ,  ,  ,,,, 144.00 ," 1,440.00 ",, 86.00 , 860.00 ,, 96.00 , 960.00 ,, 129.00 ," 1,290.00 ",,,,,,,
14.03.09.02,,"FP-CL/01
4 x 1C 25mm≤ CU XLPE/SWA/PVC + ECC on tray/metal trunking/in ducting",50,  ,  ,  ,  ,,,, 168.00 ," 8,400.00 ",, 109.00 ," 5,450.00 ",, 96.00 ," 4,800.00 ",, 155.00 ," 7,750.00 ",,,,,,,
14.03.09.03,,"CP-HR
4 x 1C 25mm≤ CU XLPE/SWA/PVC + ECC on tray/metal trunking/in ducting",50,  ,  ,  ,  ,,,, 168.00 ," 8,400.00 ",, 109.00 ," 5,450.00 ",, 96.00 ," 4,800.00 ",, 155.00 ," 7,750.00 ",,,,,,,
14.03.09.04,,"EDB-GH1
4 x 1C 25mm≤ CU XLPE/SWA/PVC + ECC on tray/metal trunking/in ducting",110,  ,  ,  ,  ,,,, 168.00 ," 18,480.00 ",, 109.00 ," 11,990.00 ",, 96.00 ," 10,560.00 ",, 155.00 ," 17,050.00 ",,,,,,,
14.03.09.05,,"EDB-GH2
4 x 1C 50mm≤ CU XLPE/SWA/PVC + ECC on tray/metal trunking/in ducting",190,  ,  ,  ,  ,,,, 224.00 ," 42,560.00 ",, 165.00 ," 31,350.00 ",, 96.00 ," 18,240.00 ",, 154.00 ," 29,260.00 ",,,,,,,
14.03.09.06,,"EDB-TNB
4 x 1C 240mm≤ AL XLPE/SWA/PVC + ECC on tray/metal trunking/in ducting",70,  ,  ,  ,  ,,,, 192.00 ," 13,440.00 ",, 195.00 ," 13,650.00 ",, 346.00 ," 24,220.00 ",, 227.00 ," 15,890.00 ",,,,,,,
,,,,  ,  ,  ,  ,,,,,,,,,,,,,,,,,,,,,
14.04.00,,Tenant,,  ,  ,  ,  ,,,,,,,,,,,,,,,,,,,,,
,,,,  ,  ,  ,  ,,,,,,,,,,,,,,,,,,,,,
14.04.01,,From MSB-TENANT to ,,  ,  ,  ,  ,,,,,,,,,,,,,,,,,,,,,
14.04.01.01,,"SSB-GA
4 x 1C 630mm≤ AL XLPE/PVC + ECC on tray/metal trunking",180,  ,  ,  ,  ,,,, 248.00 ," 44,640.00 ",, 396.00 ," 71,280.00 ",, 908.00 ," 163,440.00 ",, 406.00 ," 73,080.00 ",,,,,,,
14.04.01.02,,"SSB-GB
4 x 1C 630mm≤ AL XLPE/PVC + ECC on tray/metal trunking",110,  ,  ,  ,  ,,,, 248.00 ," 27,280.00 ",, 396.00 ," 43,560.00 ",, 908.00 ," 99,880.00 ",, 406.00 ," 44,660.00 ",,,,,,,
14.04.01.03,,"SSB-GC
4 x 1C 630mm≤ AL XLPE/PVC + ECC on tray/metal trunking",30,  ,  ,  ,  ,,,, 248.00 ," 7,440.00 ",, 396.00 ," 11,880.00 ",, 908.00 ," 27,240.00 ",, 406.00 ," 12,180.00 ",,,,,,,
14.04.01.04,,"SSB-1A
4 x 1C 630mm≤ AL XLPE/PVC + ECC on tray/metal trunking",190,  ,  ,  ,  ,,,, 248.00 ," 47,120.00 ",, 396.00 ," 75,240.00 ",, 908.00 ," 172,520.00 ",, 406.00 ," 77,140.00 ",,,,,,,
14.04.01.05,,"SSB-1B
4 x 1C 630mm≤ AL XLPE/PVC + ECC on tray/metal trunking",120,  ,  ,  ,  ,,,, 248.00 ," 29,760.00 ",, 396.00 ," 47,520.00 ",, 908.00 ," 108,960.00 ",, 406.00 ," 48,720.00 ",,,,,,,
14.04.01.06,,"SSB-2A
4 x 1C 630mm≤ AL XLPE/PVC + ECC on tray/metal trunking",200,  ,  ,  ,  ,,,, 248.00 ," 49,600.00 ",, 396.00 ," 79,200.00 ",, 908.00 ," 181,600.00 ",, 406.00 ," 81,200.00 ",,,,,,,
14.04.01.07,,"SSB-2B
4 x 1C 630mm≤ AL XLPE/PVC + ECC on tray/metal trunking",130,  ,  ,  ,  ,,,, 248.00 ," 32,240.00 ",, 396.00 ," 51,480.00 ",, 908.00 ," 118,040.00 ",, 406.00 ," 52,780.00 ",,,,,,,
14.04.01.08,,"SSB-3A
4 x 1C 630mm≤ AL XLPE/PVC + ECC on tray/metal trunking",210,  ,  ,  ,  ,,,, 248.00 ," 52,080.00 ",, 396.00 ," 83,160.00 ",, 908.00 ," 190,680.00 ",, 406.00 ," 85,260.00 ",,,,,,,
14.04.01.09,,"SSB-3B
4 x 1C 630mm≤ AL XLPE/PVC + ECC on tray/metal trunking",140,  ,  ,  ,  ,,,, 248.00 ," 34,720.00 ",, 396.00 ," 55,440.00 ",, 908.00 ," 127,120.00 ",, 406.00 ," 56,840.00 ",,,,,,,
,,,,  ,  ,  ,  ,,,,,,,,,,,,,,,,,,,,,
14.04.02,,From SSB-GA to ,,  ,  ,  ,  ,,,,,,,,,,,,,,,,,,,,,
14.04.02.01,,"DB-GA
4 x 1C 25mm≤ AL XLPE/PVC + ECC on tray/metal trunking",10,  ,  ,  ,  ,,,, 92.00 , 920.00 ,, 155.00 ," 1,550.00 ",, 48.00 , 480.00 ,, 135.00 ," 1,350.00 ",,,,,,,
14.04.02.02,,"DB-GA-MEZZ
4 x 1C 25mm≤ AL XLPE/PVC + ECC on tray/metal trunking",10,  ,  ,  ,  ,,,, 92.00 , 920.00 ,, 155.00 ," 1,550.00 ",, 48.00 , 480.00 ,, 135.00 ," 1,350.00 ",,,,,,,
,,,,  ,  ,  ,  ,,,,,,,,,,,,,,,,,,,,,
14.04.02,,From SSB-GB to ,,  ,  ,  ,  ,,,,,,,,,,,,,,,,,,,,,
14.04.02.01,,"DB-GB
4 x 1C 25mm≤ AL XLPE/PVC + ECC on tray/metal trunking",10,  ,  ,  ,  ,,,, 92.00 , 920.00 ,, 155.00 ," 1,550.00 ",, 48.00 , 480.00 ,, 135.00 ," 1,350.00 ",,,,,,,
14.04.02.02,,"DB-GB-MEZZ
4 x 1C 25mm≤ AL XLPE/PVC + ECC on tray/metal trunking",10,  ,  ,  ,  ,,,, 92.00 , 920.00 ,, 155.00 ," 1,550.00 ",, 48.00 , 480.00 ,, 135.00 ," 1,350.00 ",,,,,,,
,,,,  ,  ,  ,  ,,,,,,,,,,,,,,,,,,,,,
14.04.02,,From SSB-GC to ,,  ,  ,  ,  ,,,,,,,,,,,,,,,,,,,,,
14.04.02.01,,"DB-GC
4 x 1C 25mm≤ AL XLPE/PVC + ECC on tray/metal trunking",10,  ,  ,  ,  ,,,, 92.00 , 920.00 ,, 155.00 ," 1,550.00 ",, 48.00 , 480.00 ,, 135.00 ," 1,350.00 ",,,,,,,
14.04.02.02,,"DB-GC-MEZZ
4 x 1C 25mm≤ AL XLPE/PVC + ECC on tray/metal trunking",10,  ,  ,  ,  ,,,, 92.00 , 920.00 ,, 155.00 ," 1,550.00 ",, 48.00 , 480.00 ,, 135.00 ," 1,350.00 ",,,,,,,
,,,,  ,  ,  ,  ,,,,,,,,,,,,,,,,,,,,,
14.04.02,,From SSB-1A to ,,  ,  ,  ,  ,,,,,,,,,,,,,,,,,,,,,
14.04.02.01,,"DB-1A
4 x 1C 25mm≤ AL XLPE/PVC + ECC on tray/metal trunking",10,  ,  ,  ,  ,,,, 92.00 , 920.00 ,, 155.00 ," 1,550.00 ",, 48.00 , 480.00 ,, 135.00 ," 1,350.00 ",,,,,,,
14.04.02.02,,"DB-1A-MEZZ
4 x 1C 25mm≤ AL XLPE/PVC + ECC on tray/metal trunking",10,  ,  ,  ,  ,,,, 92.00 , 920.00 ,, 155.00 ," 1,550.00 ",, 48.00 , 480.00 ,, 135.00 ," 1,350.00 ",,,,,,,
,,,,  ,  ,  ,  ,,,,,,,,,,,,,,,,,,,,,
14.04.02,,From SSB-1B to ,,  ,  ,  ,  ,,,,,,,,,,,,,,,,,,,,,
14.04.02.01,,"DB-1B
4 x 1C 25mm≤ AL XLPE/PVC + ECC on tray/metal trunking",10,  ,  ,  ,  ,,,, 92.00 , 920.00 ,, 155.00 ," 1,550.00 ",, 48.00 , 480.00 ,, 135.00 ," 1,350.00 ",,,,,,,
14.04.02.02,,"DB-1B-MEZZ
4 x 1C 25mm≤ AL XLPE/PVC + ECC on tray/metal trunking",10,  ,  ,  ,  ,,,, 92.00 , 920.00 ,, 155.00 ," 1,550.00 ",, 48.00 , 480.00 ,, 135.00 ," 1,350.00 ",,,,,,,
,,,,  ,  ,  ,  ,,,,,,,,,,,,,,,,,,,,,
14.04.02,,From SSB-2A to ,,  ,  ,  ,  ,,,,,,,,,,,,,,,,,,,,,
14.04.02.01,,"DB-2A
4 x 1C 25mm≤ AL XLPE/PVC + ECC on tray/metal trunking",10,  ,  ,  ,  ,,,, 92.00 , 920.00 ,, 155.00 ," 1,550.00 ",, 48.00 , 480.00 ,, 135.00 ," 1,350.00 ",,,,,,,
14.04.02.02,,"DB-2A-MEZZ
4 x 1C 25mm≤ AL XLPE/PVC + ECC on tray/metal trunking",10,  ,  ,  ,  ,,,, 92.00 , 920.00 ,, 155.00 ," 1,550.00 ",, 48.00 , 480.00 ,, 135.00 ," 1,350.00 ",,,,,,,
,,,,  ,  ,  ,  ,,,,,,,,,,,,,,,,,,,,,
14.04.02,,From SSB-2B to ,,  ,  ,  ,  ,,,,,,,,,,,,,,,,,,,,,
14.04.02.01,,"DB-2B
4 x 1C 25mm≤ AL XLPE/PVC + ECC on tray/metal trunking",10,  ,  ,  ,  ,,,, 92.00 , 920.00 ,, 155.00 ," 1,550.00 ",, 48.00 , 480.00 ,, 135.00 ," 1,350.00 ",,,,,,,
14.04.02.02,,"DB-2B-MEZZ
4 x 1C 25mm≤ AL XLPE/PVC + ECC on tray/metal trunking",10,  ,  ,  ,  ,,,, 92.00 , 920.00 ,, 155.00 ," 1,550.00 ",, 48.00 , 480.00 ,, 135.00 ," 1,350.00 ",,,,,,,
,,,,  ,  ,  ,  ,,,,,,,,,,,,,,,,,,,,,
14.04.02,,From SSB-3A to ,,  ,  ,  ,  ,,,,,,,,,,,,,,,,,,,,,
14.04.02.01,,"DB-3A
4 x 1C 25mm≤ AL XLPE/PVC + ECC on tray/metal trunking",10,  ,  ,  ,  ,,,, 92.00 , 920.00 ,, 155.00 ," 1,550.00 ",, 48.00 , 480.00 ,, 135.00 ," 1,350.00 ",,,,,,,
14.04.02.02,,"DB-3A-MEZZ
4 x 1C 25mm≤ AL XLPE/PVC + ECC on tray/metal trunking",10,  ,  ,  ,  ,,,, 92.00 , 920.00 ,, 155.00 ," 1,550.00 ",, 48.00 , 480.00 ,, 135.00 ," 1,350.00 ",,,,,,,
,,,,  ,  ,  ,  ,,,,,,,,,,,,,,,,,,,,,
14.04.02,,From SSB-3B to ,,  ,  ,  ,  ,,,,,,,,,,,,,,,,,,,,,
14.04.02.01,,"DB-3B
4 x 1C 25mm≤ AL XLPE/PVC + ECC on tray/metal trunking",10,  ,  ,  ,  ,,,, 92.00 , 920.00 ,, 155.00 ," 1,550.00 ",, 48.00 , 480.00 ,, 135.00 ," 1,350.00 ",,,,,,,
14.04.02.02,,"DB-3B-MEZZ
4 x 1C 25mm≤ AL XLPE/PVC + ECC on tray/metal trunking",10,  ,  ,  ,  ,,,, 92.00 , 920.00 ,, 155.00 ," 1,550.00 ",, 48.00 , 480.00 ,, 135.00 ," 1,350.00 ",,,,,,,
,,,,  ,  ,  ,  ,,,,,,,,,,,,,,,,,,,,,
,,,,  ,  ,  ,  ,,,,,,,,,,,,,,,,,,,,,
,,"Total 14.00.00 To Be Carried Forward
To Summary of Tender Prices",,, -   ,, -   ,,, -   ,," 2,640,314.00 ",,," 2,569,575.25 ",,," 4,457,375.00 ",,," 3,323,660.00 ",,, -   ,,, -   ,
,,,,  ,  ,  ,  ,,,,,,,,,,,,,,,,,,,,,
15.00.00,,LOW VOLTAGE SYSTEM (LIGHTING & OTHERS),,  ,  ,  ,  ,,,,,,,,,,,,,,,,,,,,,
,,,,  ,  ,  ,  ,,,,,,,,,,,,,,,,,,,,,
15.01.00,,"Final Sub Circuit

Supply, install, connect, testing and commissioning final sub-circuit cabling complete with switches, switch socket outlets, isolator, fuse connectors, earth continuity conductors, and all accessories for the following electrical points :-",,  ,  ,  ,  ,,,,,,,,,,,,,,,,,,,,,
,,,,  ,  ,  ,  ,,,,,,,,,,,,,,,,,,,,,
15.01.01,,Lighting  Point  using  2 x 1.5mmsq +E Cu/PVC  cable  in UPVC conduit,Rate Only,  ,  ,  ,  ,,,, 200.00 , Rate Only ,, 90.00 , Rate Only ,, 200.00 , Rate Only ,,, Rate Only ,,,,,,,
,,,,  ,  ,  ,  ,,,,,,,,,,,,,,,,,,,,,
15.01.02,,Lighting  Point  using  2 x 2.5mmsq +E Cu/PVC  cable  in UPVC conduit,4730,  ,  , 95.00 ," 449,350.00 ",,,, 200.00 ," 946,000.00 ",, 160.00 ," 756,800.00 ",, 240.00 ," 1,135,200.00 ",, 322.00 ," 1,523,060.00 ",,,,,,,
,,,,  ,  ,  ,  ,,,,,,,,,,,,,,,,,,,,,
15.01.03,,Lighting  Point  using  2C x 2.5mmsq +E Cu/PVC/SWA  cable in UPVC conduit for landscape/ tree uplighter,160,  ,  ,  ,  ,,,, 250.00 ," 40,000.00 ",, 650.00 ," 104,000.00 ",, 260.00 ," 41,600.00 ",, 656.00 ," 104,960.00 ",,,,,,,
,,,,  ,  ,  ,  ,,,,,,,,,,,,,,,,,,,,,
15.01.04,,Lighting  Point  for EL/Keluar Sign using  2 x 1.5mmsq +E Cu/PVC  cable  in GI conduit,540,  ,  , 95.00 ," 51,300.00 ",,,, 250.00 ," 135,000.00 ",, 180.00 ," 97,200.00 ",, 220.00 ," 118,800.00 ",, 368.00 ," 198,720.00 ",,,,,,,
,,,,  ,  ,  ,  ,,,,,,,,,,,,,,,,,,,,,
15.01.05,,Lighting  Point  for EL/Keluar Sign using  2 x 2.5mmsq +E Cu/PVC  cable  in GI conduit,Rate Only,  ,  ,  ,  ,,,, 250.00 , Rate Only ,, 240.00 , Rate Only ,, 280.00 , Rate Only ,,, Rate Only ,,,,,,,
,,,,  ,  ,  ,  ,,,,,,,,,,,,,,,,,,,,,
15.01.06,,Highbay Lighting Point using 2 x 4mmsq +E Cu/PVC cable in UPVC conduit,1050,  ,  ,  ,  ,,,, 550.00 ," 577,500.00 ",, 420.00 ," 441,000.00 ",, 360.00 ," 378,000.00 ",, 656.00 ," 688,800.00 ",,,,,,,
,,,,  ,  ,  ,  ,,,,,,,,,,,,,,,,,,,,,
15.01.07,,General Power Point using 2 x 2.5mmsq +E Cu/PVC cable in UPVC conduit c/w the following :-,,  ,  ,  ,  ,,,,,,,,,,,,,,,,,,,,,
15.01.07.1,,16A Switch Socket Outlet (For AGV),Rate Only,  ,  ,  ,  ,,,, 300.00 , Rate Only ,, 450.00 , Rate Only ,, 380.00 , Rate Only ,,, Rate Only ,,,,,,,
15.01.07.2,,13A Switch Socket Outlet,1500,  ,  , 180.00 ," 270,000.00 ",,,, 300.00 ," 450,000.00 ",, 240.00 ," 360,000.00 ",, 280.00 ," 420,000.00 ",, 518.00 ," 777,000.00 ",,,,,,,
15.01.07.3,,13A Switch Socket Outlet (Metal clad),300,  ,  , 180.00 ," 54,000.00 ",,,, 350.00 ," 105,000.00 ",, 360.00 ," 108,000.00 ",, 380.00 ," 114,000.00 ",, 541.00 ," 162,300.00 ",,,,,,,
15.01.07.4,,20A Switch Socket Outlet,Rate Only,  ,  ,  ,  ,,,, 350.00 , Rate Only ,, 650.00 , Rate Only ,, 380.00 , Rate Only ,,, Rate Only ,,,,,,,
15.01.07.5,,13A Switch Socket Outlet (For Hand Dryer),Rate Only,  ,  ,  ,  ,,,,, Rate Only ,,, Rate Only ,,, Rate Only ,,, Rate Only ,,,,,,,
15.01.07.6,,13A Switch Socket Outlet (For I-Port/O-Port),Rate Only,  ,  ,  ,  ,,,,, Rate Only ,,, Rate Only ,,, Rate Only ,,, Rate Only ,,,,,,,
15.01.07.7,,13A Switch Socket Outlet (For ASRS),Rate Only,  ,  ,  ,  ,,,,, Rate Only ,,, Rate Only ,,, Rate Only ,,, Rate Only ,,,,,,,
15.01.07.8,,13A Switch Socket Outlet (For CCTV),Rate Only,  ,  ,  ,  ,,,,, Rate Only ,,, Rate Only ,,, Rate Only ,,, Rate Only ,,,,,,,
15.01.07.9,,13A Switch Socket Outlet (For PLC),Rate Only,  ,  ,  ,  ,,,,, Rate Only ,,, Rate Only ,,, Rate Only ,,, Rate Only ,,,,,,,
,,,,  ,  ,  ,  ,,,,,,,,,,,,,,,,,,,,,
15.01.08,,Cold truck charger Point using 4 x 4mmsq +E Cu/PVC cable in GI conduit   c/w  isolator,40,  ,  ,  ,  ,,,, 550.00 ," 22,000.00 ",," 1,200.00 "," 48,000.00 ",, 960.00 ," 38,400.00 ",," 1,369.00 "," 54,760.00 ",,,,,,,
,,,,  ,  ,  ,  ,,,,,,,,,,,,,,,,,,,,,
15.01.09,,Fire Roller shutter Point using 4 x 4mmsq +E Cu/PVC cable in GI conduit   c/w  isolator,40,  ,  ,  ,  ,,,, 550.00 ," 22,000.00 ",," 1,200.00 "," 48,000.00 ",, 960.00 ," 38,400.00 ",," 1,369.00 "," 54,760.00 ",,,,,,,
,,,,  ,  ,  ,  ,,,,,,,,,,,,,,,,,,,,,
15.01.10,,Dock Leveller Point using 4 x 4mmsq +E Cu/PVC cable in UPVC conduit  c/w  isolator,40,  ,  ,  ,  ,,,, 450.00 ," 18,000.00 ",," 1,350.00 "," 54,000.00 ",, 960.00 ," 38,400.00 ",," 1,369.00 "," 54,760.00 ",,,,,,,
,,,,  ,  ,  ,  ,,,,,,,,,,,,,,,,,,,,,
15.01.11,,Barrier Gate Point using 4 x 2.5mmsq +E Cu/PVC cable in UPVC conduit  c/w  isolator,2,  ,  ,  ,  ,,,, 350.00 , 700.00 ,," 1,200.00 "," 2,400.00 ",, 680.00 ," 1,360.00 ",," 1,369.00 "," 2,738.00 ",,,,,,,
,,,,  ,  ,  ,  ,,,,,,,,,,,,,,,,,,,,,
15.01.12,,Mechanical  Panel  point using 2 x 4mmsq + E in  UPVC  conduit  c/w all necessary accessories.,Rate Only,  ,  ,  ,  ,,,, 450.00 , Rate Only ,," 1,600.00 ", Rate Only ,, 680.00 , Rate Only ,,, Rate Only ,,,,,,,
,,,,  ,  ,  ,  ,,,,,,,,,,,,,,,,,,,,,
15.01.13,,Mechanical  Panel  point using 2 x 6mmsq + E in  UPVC  conduit  c/w all necessary accessories.,Rate Only,  ,  ,  ,  ,,,, 650.00 , Rate Only ,," 2,000.00 ", Rate Only ,, 880.00 , Rate Only ,,, Rate Only ,,,,,,,
,,,,  ,  ,  ,  ,,,,,,,,,,,,,,,,,,,,,
15.01.14,,Mechanical  Panel  point using 4 x 4mmsq + E in  UPVC  conduit  c/w all necessary accessories.,Rate Only,  ,  ,  ,  ,,,, 450.00 , Rate Only ,," 2,000.00 ", Rate Only ,, 880.00 , Rate Only ,,, Rate Only ,,,,,,,
,,,,  ,  ,  ,  ,,,,,,,,,,,,,,,,,,,,,
15.01.15,,Mechanical  Panel  point using 4 x 6mmsq + E in  UPVC  conduit  c/w all necessary accessories.,Rate Only,  ,  ,  ,  ,,,, 650.00 , Rate Only ,," 3,000.00 ", Rate Only ,, 980.00 , Rate Only ,,, Rate Only ,,,,,,,
,,,,  ,  ,  ,  ,,,,,,,,,,,,,,,,,,,,,
15.01.16,,EV Charger Point using 4 x 10mmsq +E Cu/PVC cable in GI conduit c/w isolator,5,  ,  ,  ,  ,,,, 800.00 ," 4,000.00 ",," 3,600.00 "," 18,000.00 ",," 1,800.00 "," 9,000.00 ",," 1,369.00 "," 6,845.00 ",,,,,,,
,,,,  ,  ,  ,  ,,,,,,,,,,,,,,,,,,,,,
15.02.00,,"FINAL FITTING

Supply and install of the following light fittings complete with control gears, starters, iron core low loss ballasts, wiring, self packed batteries and all accessories :-",,  ,  ,  ,  ,,,,,,,,,,,,,,,,,,,,,
,,,,  ,  ,  ,  ,,,,,,,,,,,,,,,,,,,,,
15.02.01,,1 x 36w T8 LED Bare Batten,Rate Only,  ,  ,  ,  ,,,, 85.00 , Rate Only ,, 65.00 , Rate Only ,, 69.00 , Rate Only ,,, Rate Only ,,,,,,,
15.02.02,,2 x 36w T8 LED Bare Batten,1850,  ,  ,  ,  ,,,, 120.00 ," 222,000.00 ",, 90.00 ," 166,500.00 ",, 91.00 ," 168,350.00 ",, 60.00 ," 111,000.00 ",,,,,,,
15.02.03,,2 x 36w T8 LED Bare Batten Wall Mounted,210,  ,  ,  ,  ,,,, 85.00 ," 17,850.00 ",, 90.00 ," 18,900.00 ",, 91.00 ," 19,110.00 ",, 78.00 ," 16,380.00 ",,,,,,,
15.02.04,,2 x 36w T8 LED c/w Mirror Reflector,160,  ,  ,  ,  ,,,, 180.00 ," 28,800.00 ",, 120.00 ," 19,200.00 ",, 125.00 ," 20,000.00 ",, 322.00 ," 51,520.00 ",,,,,,,
15.02.05,,20W LED Downlight,2510,  ,  ,  ,  ,,,, 120.00 ," 301,200.00 ",, 65.00 ," 163,150.00 ",, 76.00 ," 190,760.00 ",, 59.00 ," 148,090.00 ",,,,,,,
15.02.06,,250W LED Highbay,1050,  ,  ,  ,  ,,,, 780.00 ," 819,000.00 ",, 650.00 ," 682,500.00 ",, 548.00 ," 575,400.00 ",, 345.00 ," 362,250.00 ",,,,,,,
15.02.07,,200W LED Highbay,Rate Only,  ,  ,  ,  ,,,, 780.00 , Rate Only ,, 550.00 , Rate Only ,, 543.00 , Rate Only ,,, Rate Only ,,,,,,,
15.02.08,,150W LED Highbay,Rate Only,  ,  ,  ,  ,,,, 680.00 , Rate Only ,, 525.00 , Rate Only ,, 433.00 , Rate Only ,,, Rate Only ,,,,,,,
15.02.09,,100W LED Highbay,Rate Only,  ,  ,  ,  ,,,, 580.00 , Rate Only ,, 500.00 , Rate Only ,, 411.00 , Rate Only ,,, Rate Only ,,,,,,,
15.02.10,,Recessed Ramp Light,150,  ,  ,  ,  ,,,, 350.00 ," 52,500.00 ",, 310.00 ," 46,500.00 ",, 302.00 ," 45,300.00 ",, 207.00 ," 31,050.00 ",,,,,,,
15.02.11,,35W Recessed Plaster LED Panel,Rate Only,  ,  ,  ,  ,,,, 190.00 , Rate Only ,, 240.00 , Rate Only ,, 161.00 , Rate Only ,,, Rate Only ,,,,,,,
15.02.12,,100W Foodlight,Rate Only,  ,  ,  ,  ,,,," 1,100.00 ", Rate Only ,, 450.00 , Rate Only ,, 458.00 , Rate Only ,,, Rate Only ,,,,,,,
15.02.13,,100W Floodlight on 6M Pole,Rate Only,  ,  ,  ,  ,,,, 900.00 , Rate Only ,," 2,800.00 ", Rate Only ,," 1,350.00 ", Rate Only ,,, Rate Only ,,,,,,,
15.02.14,,50W Tree Uplighter,10,  ,  ,  ,  ,,,, 350.00 ," 3,500.00 ",, 550.00 ," 5,500.00 ",, 330.00 ," 3,300.00 ",, 610.00 ," 6,100.00 ",,,,,,,
15.02.15,,LED Emergency Light,235,  ,  ,  ,  ,,,, 110.00 ," 25,850.00 ",, 90.00 ," 21,150.00 ",, 107.00 ," 25,145.00 ",, 64.00 ," 15,040.00 ",,,,,,,
15.02.16,,Twin LED Emergency Light,170,  ,  ,  ,  ,,,, 250.00 ," 42,500.00 ",, 215.00 ," 36,550.00 ",, 305.00 ," 51,850.00 ",, 196.00 ," 33,320.00 ",,,,,,,
15.02.17,,LED Keluar Sign,135,  ,  ,  ,  ,,,, 160.00 ," 21,600.00 ",, 135.00 ," 18,225.00 ",, 171.00 ," 23,085.00 ",, 160.00 ," 21,600.00 ",,,,,,,
,,,,  ,  ,  ,  ,,,,,,,,,,,,,,,,,,,,,
,,,,  ,  ,  ,  ,,,,,,,,,,,,,,,,,,,,,
,,"Total 15.00.00 To Be Carried Forward
To Summary of Tender Prices",,, -   ,," 824,650.00 ",,, -   ,," 3,855,000.00 ",,," 3,215,575.00 ",,," 3,455,460.00 ",,," 4,425,053.00 ",,, -   ,,, -   ,
,,,,  ,  ,  ,  ,,,,,,,,,,,,,,,,,,,,,
16.00.00,,EXTERNAL INFRASTRUCTURE WORKS,,  ,  ,  ,  ,,,,,,,,,,,,,,,,,,,,,
,,,,  ,  ,  ,  ,,,,,,,,,,,,,,,,,,,,,
16.01.00,,Cable Ducts from TNB SSU to HT Consumer ,,  ,  ,  ,  ,,,,,,,,,,,,,,,,,,,,,
,,,,  ,  ,  ,  ,,,,,,,,,,,,,,,,,,,,,
16.01.01,,To  supply and  install  6'  X6'  precast  electrical  manhole  c/w  heavy duty cover.,Rate Only,  ,  ,  ,  ,,,," 7,500.00 ", Rate Only ,," 4,500.00 ", Rate Only ,," 6,800.00 ", Rate Only ,,, Rate Only ,,,,,,,
,,,,  ,  ,  ,  ,,,,,,,,,,,,,,,,,,,,,
16.01.02,,To supply and install 1 layer 3 nos 100mm HDPE PN10 pipe and 3 layer 3 nos 150mm HDPE PN10 pipe. (From Consumer HT Building to Internal),50,  ,  ,  ,  ,,,," 1,320.00 "," 66,000.00 ",, 990.00 ," 49,500.00 ",, 960.00 ," 48,000.00 ",," 1,088.00 "," 54,400.00 ",,,,,,,
,,,,  ,  ,  ,  ,,,,,,,,,,,,,,,,,,,,,
16.02.00,,Cable Ducts from Consumer HT Building to Internal,,  ,  ,  ,  ,,,,,,,,,,,,,,,,,,,,,
,,,,  ,  ,  ,  ,,,,,,,,,,,,,,,,,,,,,
16.02.01,,To  supply and  install  6'  X6'  precast  electrical  manhole  c/w  heavy duty cover.,3,  ,  ,  ,  ,,,," 7,500.00 "," 22,500.00 ",," 6,500.00 "," 19,500.00 ",," 6,800.00 "," 20,400.00 ",," 9,200.00 "," 27,600.00 ",,,,,,,
,,,,  ,  ,  ,  ,,,,,,,,,,,,,,,,,,,,,
16.02.02,,To supply and install 1 layer 3 nos 100mm HDPE PN10 pipe and 3 layer 3 nos 150mm HDPE PN10 pipe. (From Consumer HT Building to Internal),200,  ,  ,  ,  ,,,," 1,320.00 "," 264,000.00 ",, 990.00 ," 198,000.00 ",, 960.00 ," 192,000.00 ",, 575.00 ," 115,000.00 ",,,,,,,
,,,,  ,  ,  ,  ,,,,,,,,,,,,,,,,,,,,,
16.02.03,,Supply and install 800mm x 800mm electrical pit,2,  ,  ,  ,  ,,,," 1,000.00 "," 2,000.00 ",," 4,200.00 "," 8,400.00 ",," 1,600.00 "," 3,200.00 ",," 3,450.00 "," 6,900.00 ",,,,,,,
,,,,  ,  ,  ,  ,,,,,,,,,,,,,,,,,,,,,
16.03.00,,Internal Compound Lighting,,  ,  ,  ,  ,,,,,,,,,,,,,,,,,,,,,
,,,,  ,  ,  ,  ,,,,,,,,,,,,,,,,,,,,,
16.03.01,,"Supply and install of 10 meter HDG & Powder Coating Lighting Pole with loop in-loop-out junction box c/w Single Arm  & 1 x 120W LED Lantern , junction box surge protector device 20ka and necessary accessories.",40,  ,  ,  ,  ,,,," 2,986.00 "," 119,440.00 ",," 5,250.00 "," 210,000.00 ",," 3,285.00 "," 131,400.00 ",," 14,318.00 "," 572,720.00 ",,,,,,,
,,,,  ,  ,  ,  ,,,,,,,,,,,,,,,,,,,,,
16.03.02,,"Supply and install of 10 meter HDG & Powder Coating Lighting Pole double arm with loop in-loop-out junction box c/w Double Arm  & 2 x 120W LED Lantern, junction box surge protector device 20ka and necessary accessories.",5,  ,  ,  ,  ,,,," 4,109.00 "," 20,545.00 ",," 7,500.00 "," 37,500.00 ",," 4,920.00 "," 24,600.00 ",," 14,318.00 "," 71,590.00 ",,,,,,,
,,,,  ,  ,  ,  ,,,,,,,,,,,,,,,,,,,,,
16.03.03,,Supply and install of Compound Lighting Flange Mounted precast concrete base c/w J-Bolts & Nuts.,45,  ,  ,  ,  ,,,, 550.00 ," 24,750.00 ",, 350.00 ," 15,750.00 ",, 425.00 ," 19,125.00 ",," 9,143.00 "," 411,435.00 ",,,,,,,
,,,,  ,  ,  ,  ,,,,,,,,,,,,,,,,,,,,,
16.03.04,,Supply and install of 100A TPN Floor Standing Compound Lighting Feeder Pillar (FP-CL-1 and FP-CL-2) c/w concrete plinth and necessary accessories for the complete function of the system,2,  ,  ,  ,  ,,,," 4,096.00 "," 8,192.00 ",," 5,000.00 "," 10,000.00 ",," 12,800.00 "," 25,600.00 ",," 5,578.00 "," 11,156.00 ",,,,,,,
,,,,  ,  ,  ,  ,,,,,,,,,,,,,,,,,,,,,
16.03.05,,"Supply and install of 4C 50mm≤ AL PVC/SWA/PVC underground cable from ESSB-LANDLORD to Compound Lighting Feeder Pillar (FP-CL-1)                        
Approximate length: ",50,  ,  ,  ,  ,,,, 40.00 ," 2,000.00 ",, 110.00 ," 5,500.00 ",, 75.00 ," 3,750.00 ",, 154.00 ," 7,700.00 ",,,,,,,
,,,,  ,  ,  ,  ,,,,,,,,,,,,,,,,,,,,,
16.03.06,,"Supply and install of 4C 50mm≤ AL PVC/SWA/PVC underground cable from EMSB-LANDLORD to Compound Lighting Feeder Pillar (FP-CL-2)                          
Approximate length: ",110,  ,  ,  ,  ,,,, 40.00 ," 4,400.00 ",, 110.00 ," 12,100.00 ",, 75.00 ," 8,250.00 ",, 154.00 ," 16,940.00 ",,,,,,,
,,,,  ,  ,  ,  ,,,,,,,,,,,,,,,,,,,,,
16.03.07,,"Supply, excavate & lay of 4C 25mm & 16mm≤ PVC/SWA/PVC underground cable from Compound Light Feeder Pillar to serve compound lighting point for the above item run in HDPE pipe.                             Approximate length:",1000,  ,  ,  ,  ,,,, 100.00 ," 100,000.00 ",, 110.00 ," 110,000.00 ",, 96.00 ," 96,000.00 ",, 155.00 ," 155,000.00 ",,,,,,,
,,,,  ,  ,  ,  ,,,,,,,,,,,,,,,,,,,,,
16.03.08,,Supply and install of 100mmÿ G.I pipe for road crossing.                                                                                Approximate length: ,Rate Only,  ,  ,  ,  ,,,, 180.00 , Rate Only ,,, Rate Only ,, 170.00 , Rate Only ,,, Rate Only ,,,,,,,
,,,,  ,  ,  ,  ,,,,,,,,,,,,,,,,,,,,,
16.03.09,,To supply and install earthing system for outdoor Feeder Pillar.,1,  ,  ,  ,  ,,,," 3,000.00 "," 3,000.00 ",," 2,000.00 "," 2,000.00 ",," 8,000.00 "," 8,000.00 ",, 575.00 , 575.00 ,,,,,,,
,,,,  ,  ,  ,  ,,,,,,,,,,,,,,,,,,,,,
16.03.10,,Testing & commissioning,1,  ,  ,  ,  ,,,," 5,000.00 "," 5,000.00 ",," 5,000.00 "," 5,000.00 ",," 10,000.00 "," 10,000.00 ",," 11,500.00 "," 11,500.00 ",,,,,,,
,,,,  ,  ,  ,  ,,,,,,,,,,,,,,,,,,,,,
,,,,  ,  ,  ,  ,,,,,,,,,,,,,,,,,,,,,
,,"Total 16.00.00 To Be Carried Forward
To Summary of Tender Prices",,, -   ,, -   ,,, -   ,," 641,827.00 ",,," 683,250.00 ",,," 590,325.00 ",,," 1,462,516.00 ",,, -   ,,, -   ,
,,,,  ,  ,  ,  ,,,,,,,,,,,,,,,,,,,,,
17.00.00,,ï  SERVER ROOM,,  ,  ,  ,  ,,,,,,,,,,,,,,,,,,,,,
,,,,  ,  ,  ,  ,,,,,,,,,,,,,,,,,,,,,
17.01.00,,"To supply, deliver and install distribution board :",,  ,  ,  ,  ,,,,,,,,,,,,,,,,,,,,,
,,,,  ,  ,  ,  ,,,,,,,,,,,,,,,,,,,,,
17.01.01,,EDB-SVR1-RACK-1,Rate Only,  ,  ,  ,  ,,,,, Rate Only ,,, Rate Only ,,, Rate Only ,,, Rate Only ,,,,,,,
17.01.02,,EDB-SVR1-RACK-2,Rate Only,  ,  ,  ,  ,,,,, Rate Only ,,, Rate Only ,,, Rate Only ,,, Rate Only ,,,,,,,
17.01.03,,EDB-SVR2,Rate Only,  ,  ,  ,  ,,,,, Rate Only ,,, Rate Only ,,, Rate Only ,,, Rate Only ,,,,,,,
,,,,  ,  ,  ,  ,,,,,,,,,,,,,,,,,,,,,
17.02.00,,To supply and install 4 x 25mm≤ XLPE/PVC Cu cable + E in trunking / tray :,,  ,  ,  ,  ,,,,,,,,,,,,,,,,,,,,,
,,,,  ,  ,  ,  ,,,,,,,,,,,,,,,,,,,,,
17.02.01,,40kVA UPS from EDB-SVR1-RACK-1,10,  ,  ,  ,  ,,,, 140.00 ," 1,400.00 ",, 135.00 ," 1,350.00 ",, 102.00 ," 1,020.00 ",, 155.00 ," 1,550.00 ",,,,,,,
17.02.02,,40kVA UPS from EDB-SVR1-RACK-2,10,  ,  ,  ,  ,,,, 140.00 ," 1,400.00 ",, 135.00 ," 1,350.00 ",, 102.00 ," 1,020.00 ",, 155.00 ," 1,550.00 ",,,,,,,
,,,,  ,  ,  ,  ,,,,,,,,,,,,,,,,,,,,,
17.03.00,,Supply and install point and fitting by using 2 x 1.5mm≤ PVC cable + E in uPVC conduit.,,  ,  ,  ,  ,,,,,,,,,,,,,,,,,,,,,
,,,,  ,  ,  ,  ,,,,,,,,,,,,,,,,,,,,,
17.03.01,,LED emergency light,2,  ,  ,  ,  ,,,, 200.00 , 400.00 ,, 120.00 , 240.00 ,, 250.00 , 500.00 ,," 1,369.00 "," 2,738.00 ",,,,,,,
,,,,  ,  ,  ,  ,,,,,,,,,,,,,,,,,,,,,
17.04.00,,Supply and install point and fitting by using 2 x 2.5mm≤ PVC cable + E in uPVC conduit.,,  ,  ,  ,  ,,,,,,,,,,,,,,,,,,,,,
,,,,  ,  ,  ,  ,,,,,,,,,,,,,,,,,,,,,
17.04.01,,13A SSO metal clad type (15U equipment rack).,12,  ,  ,  ,  ,,,, 350.00 ," 4,200.00 ",, 180.00 ," 2,160.00 ",, 220.00 ," 2,640.00 ",, 541.00 ," 6,492.00 ",,,,,,,
17.04.02,,13A SSO metal clad type (water leak).,1,  ,  ,  ,  ,,,, 350.00 , 350.00 ,, 300.00 , 300.00 ,, 220.00 , 220.00 ,, 541.00 , 541.00 ,,,,,,,
17.04.03,,13A SSO metal clad type (BMS).,1,  ,  ,  ,  ,,,, 350.00 , 350.00 ,, 300.00 , 300.00 ,, 220.00 , 220.00 ,, 541.00 , 541.00 ,,,,,,,
,,,,  ,  ,  ,  ,,,,,,,,,,,,,,,,,,,,,
17.05.00,,Supply and install point and fitting by using 2 x 6mm≤ PVC cable + E in uPVC conduit.,,  ,  ,  ,  ,,,,,,,,,,,,,,,,,,,,,
,,,,  ,  ,  ,  ,,,,,,,,,,,,,,,,,,,,,
17.05.01,,20kVA UPS,1,  ,  ,  ,  ,,,," 90,000.00 "," 90,000.00 ",," 1,200.00 "," 1,200.00 ",, 280.00 , 280.00 ,," 52,325.00 "," 52,325.00 ",,,,,,,
,,,,  ,  ,  ,  ,,,,,,,,,,,,,,,,,,,,,
17.06.00,,Supply and install point and fitting by using 2 x 4mm≤ PVC cable + E in uPVC conduit.,,  ,  ,  ,  ,,,,,,,,,,,,,,,,,,,,,
,,,,  ,  ,  ,  ,,,,,,,,,,,,,,,,,,,,,
17.06.01,,32A commando socket.,14,  ,  ,  ,  ,,,, 450.00 ," 6,300.00 ",," 1,200.00 "," 16,800.00 ",, 420.00 ," 5,880.00 ",," 1,369.00 "," 19,166.00 ",,,,,,,
17.06.02,,AC point + switch socket.,2,  ,  ,  ,  ,,,, 450.00 , 900.00 ,, 300.00 , 600.00 ,, 420.00 , 840.00 ,," 1,254.00 "," 2,508.00 ",,,,,,,
,,,,  ,  ,  ,  ,,,,,,,,,,,,,,,,,,,,,
17.07.00,,"CP-CRAC
4 x 1C 25mm≤ CU XLPE/PVC + ECC on tray/metal trunking",10,  ,  ,  ,  ,,,, 140.00 ," 1,400.00 ",, 135.00 ," 1,350.00 ",, 107.00 ," 1,070.00 ",," 3,515.00 "," 35,150.00 ",,,,,,,
,,,,  ,  ,  ,  ,,,,,,,,,,,,,,,,,,,,,
,,,,  ,  ,  ,  ,,,,,,,,,,,,,,,,,,,,,
,,"Total 17.00.00 To Be Carried Forward
To Summary of Tender Prices",,, -   ,, -   ,,, -   ,," 106,700.00 ",,," 25,650.00 ",,," 13,690.00 ",,," 122,561.00 ",,, -   ,,, -   ,
,,,,,,,,,,,,,,,,,,,,,,,,,,,,
